Project,Commit,Lines Added in Fixed Version,Lines Deleted in Fixed Version,Hunks in Fixed Version,project,codeLink,CWE ID,CVE ID
Espruino,bed844f109b6c222816740555068de2e101e8018,14.0,13.0,3.0,Espruino,https://github.com/espruino/Espruino/commit/bed844f109b6c222816740555068de2e101e8018,CWE-787,CVE-2018-11593
Espruino,ce1924193862d58cb43d3d4d9dada710a8361b89,1.0,1.0,1.0,Espruino,https://github.com/espruino/Espruino/commit/ce1924193862d58cb43d3d4d9dada710a8361b89,CWE-119,CVE-2018-11596
FFmpeg,124eb202e70678539544f6268efc98131f19fa49,529.0,101.0,44.0,FFmpeg,https://github.com/FFmpeg/FFmpeg/commit/124eb202e70678539544f6268efc98131f19fa49,CWE-834,CVE-2017-14054
FFmpeg,2aa9047486dbff12d9e040f917e5f799ed2fd78b,18.0,11.0,3.0,FFmpeg,https://github.com/FFmpeg/FFmpeg/commit/2aa9047486dbff12d9e040f917e5f799ed2fd78b,CWE-476,CVE-2018-13301
FFmpeg,3819db745da2ac7fb3faacb116788c32f4753f34,4.0,4.0,7.0,FFmpeg,https://github.com/FFmpeg/FFmpeg/commit/3819db745da2ac7fb3faacb116788c32f4753f34,CWE-119,CVE-2013-7009
FFmpeg,4f05e2e2dc1a89f38cd9f0960a6561083d714f1e,2.0,0.0,1.0,FFmpeg,https://github.com/FFmpeg/FFmpeg/commit/4f05e2e2dc1a89f38cd9f0960a6561083d714f1e,CWE-834,CVE-2017-14055
FFmpeg,689e59b7ffed34eba6159dcc78e87133862e3746,1.0,0.0,1.0,FFmpeg,https://github.com/FFmpeg/FFmpeg/commit/689e59b7ffed34eba6159dcc78e87133862e3746,CWE-119,CVE-2016-3062
FFmpeg,7d57ca4d9a75562fa32e40766211de150f8b3ee7,8.0,0.0,1.0,FFmpeg,https://github.com/FFmpeg/FFmpeg/commit/7d57ca4d9a75562fa32e40766211de150f8b3ee7,CWE-119,CVE-2016-10191
FFmpeg,7ec414892ddcad88313848494b6fc5f437c9ca4a,7.0,0.0,4.0,FFmpeg,https://github.com/FFmpeg/FFmpeg/commit/7ec414892ddcad88313848494b6fc5f437c9ca4a,CWE-835,CVE-2017-14058
FFmpeg,8312e3fc9041027a33c8bc667bb99740fdf41dd5,1.0,1.0,1.0,FFmpeg,https://github.com/FFmpeg/FFmpeg/commit/8312e3fc9041027a33c8bc667bb99740fdf41dd5,CWE-399,CVE-2011-2161
FFmpeg,900f39692ca0337a98a7cf047e4e2611071810c2,4.0,0.0,2.0,FFmpeg,https://github.com/FFmpeg/FFmpeg/commit/900f39692ca0337a98a7cf047e4e2611071810c2,CWE-834,CVE-2017-14170
FFmpeg,96f24d1bee7fe7bac08e2b7c74db1a046c9dc0de,12.0,3.0,1.0,FFmpeg,https://github.com/FFmpeg/FFmpeg/commit/96f24d1bee7fe7bac08e2b7c74db1a046c9dc0de,CWE-834,CVE-2017-14056
FFmpeg,b05cd1ea7e45a836f7f6071a716c38bb30326e0f,8.0,7.0,3.0,FFmpeg,https://github.com/FFmpeg/FFmpeg/commit/b05cd1ea7e45a836f7f6071a716c38bb30326e0f,CWE-119,CVE-2013-7020
FFmpeg,cb243972b121b1ae6b60a78ff55a0506c69f3879,30.0,7.0,7.0,FFmpeg,https://github.com/FFmpeg/FFmpeg/commit/cb243972b121b1ae6b60a78ff55a0506c69f3879,CWE-119,CVE-2017-9990
FFmpeg,cdd5df8189ff1537f7abe8defe971f80602cc2d2,1.0,1.0,1.0,FFmpeg,https://github.com/FFmpeg/FFmpeg/commit/cdd5df8189ff1537f7abe8defe971f80602cc2d2,CWE-399,CVE-2013-7021
FFmpeg,e371f031b942d73e02c090170975561fabd5c264,1163.0,341.0,19.0,FFmpeg,https://github.com/FFmpeg/FFmpeg/commit/e371f031b942d73e02c090170975561fabd5c264,CWE-787,CVE-2017-7866
FFmpeg,fe448cd28d674c3eff3072552eae366d0b659ce9,4.0,4.0,2.0,FFmpeg,https://github.com/FFmpeg/FFmpeg/commit/fe448cd28d674c3eff3072552eae366d0b659ce9,CWE-119,CVE-2013-7024
ImageMagick,16916c8979c32765c542e216b31cee2671b7afe7,2.0,0.0,1.0,ImageMagick,https://github.com/ImageMagick/ImageMagick/commit/16916c8979c32765c542e216b31cee2671b7afe7,CWE-20,CVE-2018-16644
ImageMagick,1aa0c6dab6dcef4d9bc3571866ae1c1ddbec7d8f,17.0,26.0,2.0,ImageMagick,https://github.com/ImageMagick/ImageMagick/commit/1aa0c6dab6dcef4d9bc3571866ae1c1ddbec7d8f,CWE-125,CVE-2015-8958
ImageMagick,2130bf6f89ded32ef0c88a11694f107c52566c53,3.0,1.0,1.0,ImageMagick,https://github.com/ImageMagick/ImageMagick/commit/2130bf6f89ded32ef0c88a11694f107c52566c53,CWE-119,CVE-2017-16546
ImageMagick,280215b9936d145dd5ee91403738ccce1333cab1,87.0,80.0,2.0,ImageMagick,https://github.com/ImageMagick/ImageMagick/commit/280215b9936d145dd5ee91403738ccce1333cab1,CWE-125,CVE-2016-7514
ImageMagick,2ad6d33493750a28a5a655d319a8e0b16c392de1,6.0,2.0,2.0,ImageMagick,https://github.com/ImageMagick/ImageMagick/commit/2ad6d33493750a28a5a655d319a8e0b16c392de1,CWE-125,CVE-2016-7515
ImageMagick,4f2c04ea6673863b87ac7f186cbb0d911f74085c,12.0,7.0,2.0,ImageMagick,https://github.com/ImageMagick/ImageMagick/commit/4f2c04ea6673863b87ac7f186cbb0d911f74085c,CWE-125,CVE-2016-7532
ImageMagick,58d9c46929ca0828edde34d263700c3a5fe8dc3c,2.0,2.0,2.0,ImageMagick,https://github.com/ImageMagick/ImageMagick/commit/58d9c46929ca0828edde34d263700c3a5fe8dc3c,CWE-125,CVE-2019-10714
ImageMagick,6b4aff0f117b978502ee5bcd6e753c17aec5a961,9.0,3.0,3.0,ImageMagick,https://github.com/ImageMagick/ImageMagick/commit/6b4aff0f117b978502ee5bcd6e753c17aec5a961,CWE-125,CVE-2015-8958
ImageMagick,6e48aa92ff4e6e95424300ecd52a9ea453c19c60,67.0,68.0,3.0,ImageMagick,https://github.com/ImageMagick/ImageMagick/commit/6e48aa92ff4e6e95424300ecd52a9ea453c19c60,CWE-119,CVE-2016-8677
ImageMagick,6f1879d498bcc5cce12fe0c5decb8dbc0f608e5d,2.0,2.0,1.0,ImageMagick,https://github.com/ImageMagick/ImageMagick/commit/6f1879d498bcc5cce12fe0c5decb8dbc0f608e5d,CWE-125,CVE-2016-7514
ImageMagick,726812fa2fa7ce16bcf58f6e115f65427a1c0950,34.0,21.0,11.0,ImageMagick,https://github.com/ImageMagick/ImageMagick/commit/726812fa2fa7ce16bcf58f6e115f65427a1c0950,CWE-119,CVE-2016-4564
ImageMagick,78f82d9d1c2944725a279acd573a22168dc6e22a,3.0,3.0,2.0,ImageMagick,https://github.com/ImageMagick/ImageMagick/commit/78f82d9d1c2944725a279acd573a22168dc6e22a,CWE-119,CVE-2015-8957
ImageMagick,7fd419441bc7103398e313558171d342c6315f44,3.0,0.0,1.0,ImageMagick,https://github.com/ImageMagick/ImageMagick/commit/7fd419441bc7103398e313558171d342c6315f44,CWE-617,CVE-2017-9499
ImageMagick,83e0f8ffd7eeb7661b0ff83257da23d24ca7f078,6.0,0.0,1.0,ImageMagick,https://github.com/ImageMagick/ImageMagick/commit/83e0f8ffd7eeb7661b0ff83257da23d24ca7f078,CWE-835,CVE-2017-11523
ImageMagick,8ca35831e91c3db8c6d281d09b605001003bec08,4.0,0.0,3.0,ImageMagick,https://github.com/ImageMagick/ImageMagick/commit/8ca35831e91c3db8c6d281d09b605001003bec08,CWE-772,CVE-2017-11310
ImageMagick,8ea44b48a182dd46d018f4b4f09a5e2ee9638105,1.0,14.0,3.0,ImageMagick,https://github.com/ImageMagick/ImageMagick/commit/8ea44b48a182dd46d018f4b4f09a5e2ee9638105,CWE-125,CVE-2015-8958
ImageMagick,a7759f410b773a1dd57b0e1fb28112e1cd8b97bc,2.0,0.0,1.0,ImageMagick,https://github.com/ImageMagick/ImageMagick/commit/a7759f410b773a1dd57b0e1fb28112e1cd8b97bc,CWE-125,CVE-2019-13295
ImageMagick,a906fe9298bf89e01d5272023db687935068849a,11.0,5.0,3.0,ImageMagick6,https://github.com/ImageMagick/ImageMagick/commit/a906fe9298bf89e01d5272023db687935068849a,CWE-119,CVE-2019-13300
ImageMagick,afa878a689870c28b6994ecf3bb8dbfb2b76d135,27.0,0.0,9.0,ImageMagick,https://github.com/ImageMagick/ImageMagick/commit/afa878a689870c28b6994ecf3bb8dbfb2b76d135,CWE-20,CVE-2018-16644
ImageMagick,b8f17d08b7418204bf8a05a5c24e87b2fc395b75,3.0,3.0,2.0,ImageMagick,https://github.com/ImageMagick/ImageMagick/commit/b8f17d08b7418204bf8a05a5c24e87b2fc395b75,CWE-125,CVE-2015-8958
ImageMagick,c4e63ad30bc42da691f2b5f82a24516dd6b4dc70,7.0,4.0,3.0,ImageMagick,https://github.com/ImageMagick/ImageMagick/commit/c4e63ad30bc42da691f2b5f82a24516dd6b4dc70,CWE-369,CVE-2016-7530
ImageMagick,ce08a3691a8ac29125e29fc41967b3737fa3f425,4.0,1.0,1.0,ImageMagick,https://github.com/ImageMagick/ImageMagick/commit/ce08a3691a8ac29125e29fc41967b3737fa3f425,CWE-399,CVE-2019-13296
ImageMagick,d5089971bd792311aaab5cb73460326d7ef7f32d,8.0,1.0,3.0,ImageMagick,https://github.com/ImageMagick/ImageMagick/commit/d5089971bd792311aaab5cb73460326d7ef7f32d,CWE-125,CVE-2019-13302
ImageMagick,e793eb203e5e0f91f5037aed6585e81b1e27395b,13.0,0.0,1.0,ImageMagick,https://github.com/ImageMagick/ImageMagick/commit/e793eb203e5e0f91f5037aed6585e81b1e27395b,CWE-772,CVE-2017-12427
ImageMagick,e92040ea6ee2a844ebfd2344174076795a4787bd,2.0,2.0,2.0,ImageMagick6,https://github.com/ImageMagick/ImageMagick/commit/e92040ea6ee2a844ebfd2344174076795a4787bd,CWE-119,CVE-2019-13306
ImageMagick6,55e6dc49f1a381d9d511ee2f888fdc3e3c3e3953,2.0,0.0,1.0,ImageMagick,https://github.com/ImageMagick/ImageMagick6/commit/55e6dc49f1a381d9d511ee2f888fdc3e3c3e3953,CWE-125,CVE-2019-13295
ImageMagick6,5982632109cad48bc6dab867298fdea4dea57c51,3.0,0.0,2.0,ImageMagick6,https://github.com/ImageMagick/ImageMagick6/commit/5982632109cad48bc6dab867298fdea4dea57c51,CWE-399,CVE-2019-13310
ImageMagick6,cb5ec7d98195aa74d5ed299b38eff2a68122f3fa,2.0,2.0,2.0,ImageMagick6,https://github.com/ImageMagick/ImageMagick6/commit/cb5ec7d98195aa74d5ed299b38eff2a68122f3fa,CWE-119,CVE-2019-13306
LibRaw-demosaic-pack-GPL2,194f592e205990ea8fce72b6c571c14350aca716,6.0,2.0,2.0,LibRaw-demosaic-pack-GPL2,https://github.com/LibRaw/LibRaw-demosaic-pack-GPL2/commit/194f592e205990ea8fce72b6c571c14350aca716,CWE-119,CVE-2017-6890
Little-CMS,5ca71a7bc18b6897ab21d815d15e218e204581e2,1.0,0.0,1.0,Little-CMS,https://github.com/mm2/Little-CMS/commit/5ca71a7bc18b6897ab21d815d15e218e204581e2,CWE-125,CVE-2016-10165
Little-CMS,768f70ca405cd3159d990e962d54456773bb8cf8,11.0,5.0,2.0,Little-CMS,https://github.com/mm2/Little-CMS/commit/768f70ca405cd3159d990e962d54456773bb8cf8,CWE-190,CVE-2018-16435
PDFGen,ee58aff6918b8bbc3be29b9e3089485ea46ff956,2.0,1.0,1.0,PDFGen,https://github.com/AndreRenaud/PDFGen/commit/ee58aff6918b8bbc3be29b9e3089485ea46ff956,CWE-125,CVE-2018-11363
VeraCrypt,f30f9339c9a0b9bbcc6f5ad38804af39db1f479e,92.0,59.0,2.0,VeraCrypt,https://github.com/veracrypt/VeraCrypt/commit/f30f9339c9a0b9bbcc6f5ad38804af39db1f479e,CWE-119,CVE-2019-1010208
WavPack,36a24c7881427d2e1e4dc1cef58f19eee0d13aec,11.0,1.0,1.0,WavPack,https://github.com/dbry/WavPack/commit/36a24c7881427d2e1e4dc1cef58f19eee0d13aec,CWE-125,CVE-2018-7253
WavPack,8e3fe45a7bac31d9a3b558ae0079e2d92a04799e,24.0,8.0,3.0,WavPack,https://github.com/dbry/WavPack/commit/8e3fe45a7bac31d9a3b558ae0079e2d92a04799e,CWE-125,CVE-2018-7254
aircrack-ng,88702a3ce4c28a973bf69023cd0312f412f6193e,1.0,1.0,1.0,aircrack-ng,https://github.com/aircrack-ng/aircrack-ng/commit/88702a3ce4c28a973bf69023cd0312f412f6193e,CWE-20,CVE-2014-8324
bdwgc,e10c1eb9908c2774c16b3148b30d2f3823d66a9a,5.0,0.0,1.0,bdwgc,https://github.com/ivmai/bdwgc/commit/e10c1eb9908c2774c16b3148b30d2f3823d66a9a,CWE-189,CVE-2012-2673
chromium,016da29386308754274675e65fdb73cf9d59dc2d,15.0,7.0,1.0,Chrome,https://github.com/chromium/chromium/commit/016da29386308754274675e65fdb73cf9d59dc2d,CWE-264,CVE-2013-2876
chromium,05c619eb6e7dac046afc72c0d5381856f87fb421,29.0,16.0,2.0,Chrome,https://github.com/chromium/chromium/commit/05c619eb6e7dac046afc72c0d5381856f87fb421,CWE-416,CVE-2014-3194
chromium,07fbae50670ea44e35e1d554db1bbece7fe3711f,20.0,4.0,1.0,Chrome,https://github.com/chromium/chromium/commit/07fbae50670ea44e35e1d554db1bbece7fe3711f,CWE-20,CVE-2018-18351
chromium,0e3b0c22a5c596bdc24a391b3f02952c1c3e4f1b,16.0,0.0,2.0,Chrome,https://github.com/chromium/chromium/commit/0e3b0c22a5c596bdc24a391b3f02952c1c3e4f1b,CWE-20,CVE-2019-5803
chromium,108a923ac784e62ca84b45cb6241f77a942e233a,10.0,0.0,3.0,Chrome,https://github.com/chromium/chromium/commit/108a923ac784e62ca84b45cb6241f77a942e233a,CWE-399,CVE-2011-2854
chromium,1538367452b549d929aabb13d54c85ab99f65cd3,6.0,5.0,2.0,Chrome,https://github.com/chromium/chromium/commit/1538367452b549d929aabb13d54c85ab99f65cd3,CWE-264,CVE-2013-0889
chromium,2571533bbb5b554ff47205c8ef1513ccc0817c3e,12.0,0.0,2.0,Chrome,https://github.com/chromium/chromium/commit/2571533bbb5b554ff47205c8ef1513ccc0817c3e,CWE-189,CVE-2014-7909
chromium,46f5cfb6414c04b65cba4ec59ca992f338934fc9,4.0,2.0,1.0,Chrome,https://github.com/chromium/chromium/commit/46f5cfb6414c04b65cba4ec59ca992f338934fc9,CWE-20,CVE-2018-6139
chromium,4c46d7a5b0af9b7d320e709291b270ab7cf07e83,4.0,11.0,1.0,Chrome,https://github.com/chromium/chromium/commit/4c46d7a5b0af9b7d320e709291b270ab7cf07e83,CWE-189,CVE-2011-3102
chromium,53262b5285efbbfdbbcc17fbf5200890f1ee295c,121.0,101.0,14.0,Chrome,https://github.com/chromium/chromium/commit/53262b5285efbbfdbbcc17fbf5200890f1ee295c,CWE-94,CVE-2016-5149
chromium,69827e08e9e0a30ce452589705d7336edaffd490,25.0,8.0,2.0,Chrome,https://github.com/chromium/chromium/commit/69827e08e9e0a30ce452589705d7336edaffd490,CWE-264,CVE-2013-2866
chromium,74aaa70032784e7cf00256821f29b2b53edb6589,17.0,0.0,1.0,Chrome,https://github.com/chromium/chromium/commit/74aaa70032784e7cf00256821f29b2b53edb6589,CWE-264,CVE-2012-5146
chromium,7a0dee9d17d0ee7fd1b40b017442f4952384a7c2,1.0,2.0,1.0,Chrome,https://github.com/chromium/chromium/commit/7a0dee9d17d0ee7fd1b40b017442f4952384a7c2,CWE-79,CVE-2017-5069
chromium,7d085fbb43b21e959900b94f191588fd10546a94,2.0,2.0,1.0,Chrome,https://github.com/chromium/chromium/commit/7d085fbb43b21e959900b94f191588fd10546a94,CWE-416,CVE-2013-2857
chromium,8355de453bb4014b74b2db5d7ca38c5664d65d83,4.0,3.0,2.0,Chrome,https://github.com/chromium/chromium/commit/8355de453bb4014b74b2db5d7ca38c5664d65d83,CWE-20,CVE-2016-1654
chromium,935cb0dee7696d70880f96a71bf5687411bb8cb9,2.0,0.0,1.0,Chrome,https://github.com/chromium/chromium/commit/935cb0dee7696d70880f96a71bf5687411bb8cb9,CWE-189,CVE-2012-5154
chromium,9400c64565586091f67d4131850fd0836b18b511,6.0,2.0,1.0,Chrome,https://github.com/chromium/chromium/commit/9400c64565586091f67d4131850fd0836b18b511,CWE-399,CVE-2011-2787
chromium,9b9a9f33f0a26f40d083be85a539dd7963adfc9b,4.0,0.0,1.0,Chrome,https://github.com/chromium/chromium/commit/9b9a9f33f0a26f40d083be85a539dd7963adfc9b,CWE-399,CVE-2012-2817
chromium,9ce8793d2a8ca2cc0cb3c26fa1ca0eef3d9bc999,6.0,0.0,2.0,Chrome,https://github.com/chromium/chromium/commit/9ce8793d2a8ca2cc0cb3c26fa1ca0eef3d9bc999,CWE-119,CVE-2012-2869
chromium,a3b76c8c13ea6b228122440f48c61b66d20443dd,3.0,0.0,1.0,Chrome,https://github.com/chromium/chromium/commit/a3b76c8c13ea6b228122440f48c61b66d20443dd,CWE-119,CVE-2013-2862
chromium,a75c45bf1cad925548a75bf88f828443bc8ee27d,6.0,0.0,1.0,Chrome,https://github.com/chromium/chromium/commit/a75c45bf1cad925548a75bf88f828443bc8ee27d,CWE-416,CVE-2012-5140
chromium,a8e17a3031b6ad69c399e5e04dd0084e577097fc,1.0,1.0,1.0,Chrome,https://github.com/chromium/chromium/commit/a8e17a3031b6ad69c399e5e04dd0084e577097fc,CWE-1021,CVE-2017-5016
chromium,ba1513223e47b62ed53b61518b7f7b82ad1d8ccd,17.0,0.0,3.0,Chrome,https://github.com/chromium/chromium/commit/ba1513223e47b62ed53b61518b7f7b82ad1d8ccd,CWE-20,CVE-2018-6101
chromium,ba9748e78ec7e9c0d594e7edf7b2c07ea2a90449,10.0,8.0,1.0,Chrome,https://github.com/chromium/chromium/commit/ba9748e78ec7e9c0d594e7edf7b2c07ea2a90449,CWE-416,CVE-2019-5786
chromium,bb3548ef2fcdb58f9bc638bb5a3c379320fdd0e0,8.0,1.0,1.0,Chrome,https://github.com/chromium/chromium/commit/bb3548ef2fcdb58f9bc638bb5a3c379320fdd0e0,CWE-254,CVE-2016-1664
chromium,bb9cfb0aba25f4b13e57bdd4a9fac80ba071e7b9,1.0,1.0,1.0,Chrome,https://github.com/chromium/chromium/commit/bb9cfb0aba25f4b13e57bdd4a9fac80ba071e7b9,CWE-20,CVE-2013-2871
chromium,c3957448cfc6e299165196a33cd954b790875fdb,20.0,18.0,6.0,Chrome,https://github.com/chromium/chromium/commit/c3957448cfc6e299165196a33cd954b790875fdb,CWE-416,CVE-2016-5170
chromium,c4a4dfb26615b5ef5e9dcc730ef43f70ce9202e2,5.0,0.0,1.0,Chrome,https://github.com/chromium/chromium/commit/c4a4dfb26615b5ef5e9dcc730ef43f70ce9202e2,CWE-362,CVE-2013-2906
chromium,c5a59182a8406f67333c283a31f257714f082b7d,3.0,3.0,3.0,Chrome,https://github.com/chromium/chromium/commit/c5a59182a8406f67333c283a31f257714f082b7d,CWE-79,CVE-2017-15429
chromium,c71a21e6dda9025c2bf823c5aab791c2ae8cdfc2,3.0,0.0,1.0,Chrome,https://github.com/chromium/chromium/commit/c71a21e6dda9025c2bf823c5aab791c2ae8cdfc2,CWE-264,CVE-2015-6755
chromium,c9911bc93097a5df5518f5b88e1d5ed5ef275a4d,3.0,2.0,1.0,Chrome,https://github.com/chromium/chromium/commit/c9911bc93097a5df5518f5b88e1d5ed5ef275a4d,CWE-399,CVE-2011-2821
chromium,d443be6fdfe17ca4f3ff1843ded362ff0cd01096,8.0,6.0,1.0,Chrome,https://github.com/chromium/chromium/commit/d443be6fdfe17ca4f3ff1843ded362ff0cd01096,CWE-119,CVE-2013-0890
chromium,d9e316238aee59acf665d80b544cf4e1edfd3349,11.0,4.0,2.0,Chrome,https://github.com/chromium/chromium/commit/d9e316238aee59acf665d80b544cf4e1edfd3349,CWE-20,CVE-2015-6783
chromium,dcd538eb3daf6c52d3ebef0a7afea758f6c657c8,2.0,3.0,2.0,Chrome,https://github.com/chromium/chromium/commit/dcd538eb3daf6c52d3ebef0a7afea758f6c657c8,CWE-20,CVE-2016-1661
chromium,ed6f4545a2a345697e07908c887333f5bdcc97a3,6.0,3.0,1.0,Chrome,https://github.com/chromium/chromium/commit/ed6f4545a2a345697e07908c887333f5bdcc97a3,CWE-362,CVE-2013-0893
chromium,f084d7007f67809ef116ee6b11f251bf3c9ed895,2.0,2.0,2.0,Chrome,https://github.com/chromium/chromium/commit/f084d7007f67809ef116ee6b11f251bf3c9ed895,CWE-399,CVE-2013-6625
chromium,f837b6744eb9ca9d8e4f2e93d9118bf787ca5e24,9.0,5.0,3.0,Chrome,https://github.com/chromium/chromium/commit/f837b6744eb9ca9d8e4f2e93d9118bf787ca5e24,CWE-399,CVE-2011-2801
chromium,fc343fd48badc0158dc2bb763e9a8b9342f3cb6f,4.0,2.0,1.0,Chrome,https://github.com/chromium/chromium/commit/fc343fd48badc0158dc2bb763e9a8b9342f3cb6f,CWE-287,CVE-2013-6643
chromium,fd6a5115103b3e6a52ce15858c5ad4956df29300,1.0,16.0,1.0,Chrome,https://github.com/chromium/chromium/commit/fd6a5115103b3e6a52ce15858c5ad4956df29300,CWE-416,CVE-2018-6060
collectd,b589096f907052b3a4da2b9ccc9b0e2e888dfc18,191.0,142.0,46.0,collectd,https://github.com/collectd/collectd/commit/b589096f907052b3a4da2b9ccc9b0e2e888dfc18,CWE-119,CVE-2016-6254
cups,49fa4983f25b64ec29d548ffa3b9782426007df3,10.0,2.0,2.0,cups,https://github.com/apple/cups/commit/49fa4983f25b64ec29d548ffa3b9782426007df3,CWE-20,CVE-2017-18248
didiwiki,5e5c796617e1712905dc5462b94bd5e6c08d15ea,28.0,5.0,6.0,didiwiki,https://github.com/yarolig/didiwiki/commit/5e5c796617e1712905dc5462b94bd5e6c08d15ea,CWE-22,CVE-2013-7448
domoticz,ee70db46f81afa582c96b887b73bcd2a86feda00,47.0,57.0,8.0,domoticz,https://github.com/domoticz/domoticz/commit/ee70db46f81afa582c96b887b73bcd2a86feda00,CWE-89,CVE-2019-10664
dosfstools,e8eff147e9da1185f9afd5b25948153a3b97cf52,11.0,3.0,4.0,dosfstools,https://github.com/dosfstools/dosfstools/commit/e8eff147e9da1185f9afd5b25948153a3b97cf52,CWE-119,CVE-2016-4804
file,0641e56be1af003aa02c7c6b0184466540637233,5.0,1.0,2.0,php-src,https://github.com/file/file/commit/0641e56be1af003aa02c7c6b0184466540637233,CWE-189,CVE-2014-3587
file,1859fdb4e67c49c463c4e0078054335cd46ba295,15.0,6.0,3.0,file,https://github.com/glensc/file/commit/1859fdb4e67c49c463c4e0078054335cd46ba295,CWE-119,CVE-2012-1571
file,1aec04dbf8a24b8a6ba64c4f74efa0628e36db0b,11.0,10.0,5.0,file,https://github.com/glensc/file/commit/1aec04dbf8a24b8a6ba64c4f74efa0628e36db0b,CWE-119,CVE-2012-1571
file,27a14bc7ba285a0a5ebfdb55e54001aa11932b08,12.0,4.0,2.0,file,https://github.com/file/file/commit/27a14bc7ba285a0a5ebfdb55e54001aa11932b08,CWE-119,CVE-2014-3478
file,93e063ee374b6a75729df9e7201fb511e47e259d,6.0,2.0,2.0,file,https://github.com/file/file/commit/93e063ee374b6a75729df9e7201fb511e47e259d,CWE-20,CVE-2014-3487
file,f97486ef5dc3e8735440edc4fc8808c63e1a3ef0,8.0,2.0,3.0,file,https://github.com/file/file/commit/f97486ef5dc3e8735440edc4fc8808c63e1a3ef0,CWE-119,CVE-2014-0238
git,1a7fd1fb2998002da6e9ff2ee46e1bdd25ee8404,7.0,0.0,2.0,git,https://github.com/git/git/commit/1a7fd1fb2998002da6e9ff2ee46e1bdd25ee8404,CWE-20,CVE-2018-17456
git,a124133e1e6ab5c7a9fef6d0e6bcb084e3455b46,83.0,123.0,20.0,git,https://github.com/git/git/commit/a124133e1e6ab5c7a9fef6d0e6bcb084e3455b46,CWE-20,CVE-2018-17456
gpac,d2371b4b204f0a3c0af51ad4e9b491144dd1225c,71.0,233.0,31.0,gpac,https://github.com/gpac/gpac/commit/d2371b4b204f0a3c0af51ad4e9b491144dd1225c,CWE-400,CVE-2018-21017
jasper,bdfe95a6e81ffb4b2fad31a76b57943695beed20,10.0,6.0,3.0,jasper,https://github.com/mdadams/jasper/commit/bdfe95a6e81ffb4b2fad31a76b57943695beed20,CWE-476,CVE-2016-10250
jasper,d91198abd00fc435a397fe6bad906a4c1748e9cf,5.0,1.0,2.0,jasper,https://github.com/mdadams/jasper/commit/d91198abd00fc435a397fe6bad906a4c1748e9cf,CWE-190,CVE-2016-9387
libarchive,a550daeecf6bc689ade371349892ea17b5b97c77,2.0,2.0,1.0,libarchive,https://github.com/libarchive/libarchive/commit/a550daeecf6bc689ade371349892ea17b5b97c77,CWE-119,CVE-2016-4301
libarchive,dfd6b54ce33960e420fb206d8872fb759b577ad9,232.0,72.0,9.0,libarchive,https://github.com/libarchive/libarchive/commit/dfd6b54ce33960e420fb206d8872fb759b577ad9,CWE-20,CVE-2016-5418
libav,cd4663dc80323ba64989d0c103d51ad3ee0e9c2f,6.0,1.0,2.0,libav,https://github.com/libav/libav/commit/cd4663dc80323ba64989d0c103d51ad3ee0e9c2f,CWE-119,CVE-2017-16803
libgd,77f619d48259383628c3ec4654b1ad578e9eb40e,11.0,6.0,2.0,php-src,https://github.com/libgd/libgd/commit/77f619d48259383628c3ec4654b1ad578e9eb40e,CWE-119,CVE-2016-9933
libgit2,66e3774d279672ee51c3b54545a79d20d1ada834,12.0,4.0,5.0,libgit2,https://github.com/libgit2/libgit2/commit/66e3774d279672ee51c3b54545a79d20d1ada834,CWE-119,CVE-2016-10128
libmodbus,5ccdf5ef79d742640355d1132fa9e2abc7fbaefc,4.0,2.0,2.0,libmodbus,https://github.com/stephane/libmodbus/commit/5ccdf5ef79d742640355d1132fa9e2abc7fbaefc,CWE-125,CVE-2019-14463
libmysofa,d39a171e9c6a1c44dbdf43f9db6c3fbd887e38c1,6.0,6.0,3.0,libmysofa,https://github.com/hoene/libmysofa/commit/d39a171e9c6a1c44dbdf43f9db6c3fbd887e38c1,CWE-20,CVE-2019-10672
libplist,32ee5213fe64f1e10ec76c1ee861ee6f233120dd,6.0,6.0,4.0,libplist,https://github.com/libimobiledevice/libplist/commit/32ee5213fe64f1e10ec76c1ee861ee6f233120dd,CWE-787,CVE-2017-6439
libreswan,2899351224fe2940aec37d7656e1e392c0fe07f0,605.0,420.0,39.0,libreswan,https://github.com/libreswan/libreswan/commit/2899351224fe2940aec37d7656e1e392c0fe07f0,CWE-20,CVE-2013-7294
libsndfile,60b234301adf258786d8b90be5c1d437fc8799e0,23.0,7.0,6.0,libsndfile,https://github.com/erikd/libsndfile/commit/60b234301adf258786d8b90be5c1d437fc8799e0,CWE-119,CVE-2017-7742
libsndfile,f457b7b5ecfe91697ed01cfc825772c4d8de1236,5.0,3.0,2.0,libsndfile,https://github.com/erikd/libsndfile/commit/f457b7b5ecfe91697ed01cfc825772c4d8de1236,CWE-119,CVE-2017-7586
libtiff,9a72a69e035ee70ff5c41541c8c61cd97990d018,11.0,13.0,3.0,libtiff,https://github.com/vadz/libtiff/commit/9a72a69e035ee70ff5c41541c8c61cd97990d018,CWE-125,CVE-2016-10270
libtiff,ce6841d9e41d621ba23cf18b190ee6a23b2cc833,4.0,0.0,1.0,libtiff,https://github.com/vadz/libtiff/commit/ce6841d9e41d621ba23cf18b190ee6a23b2cc833,CWE-119,CVE-2013-4244
libu2f-host,e4bb58cc8b6202a421e65f8230217d8ae6e16eb5,23.0,11.0,1.0,libu2f-host,https://github.com/Yubico/libu2f-host/commit/e4bb58cc8b6202a421e65f8230217d8ae6e16eb5,CWE-119,CVE-2019-9578
libxml2,899a5d9f0ed13b8e32449a08a361e0de127dd961,10.0,1.0,2.0,libxml2,https://github.com/GNOME/libxml2/commit/899a5d9f0ed13b8e32449a08a361e0de127dd961,CWE-835,CVE-2017-16932
libzip,9b46957ec98d85a572e9ef98301247f39338a3b5,6.0,1.0,1.0,libzip,https://github.com/nih-at/libzip/commit/9b46957ec98d85a572e9ef98301247f39338a3b5,CWE-119,CVE-2017-14107
linux,04197b341f23b908193308b8d63d17ff23232598,41.0,7.0,6.0,linux,https://github.com/torvalds/linux/commit/04197b341f23b908193308b8d63d17ff23232598,CWE-362,CVE-2016-10741
linux,04bf464a5dfd9ade0dda918e44366c2c61fce80b,4.0,1.0,1.0,linux,https://github.com/torvalds/linux/commit/04bf464a5dfd9ade0dda918e44366c2c61fce80b,CWE-189,CVE-2015-4003
linux,06bd3c36a733ac27962fea7d6f47168841376824,15.0,9.0,2.0,linux,https://github.com/torvalds/linux/commit/06bd3c36a733ac27962fea7d6f47168841376824,CWE-200,CVE-2017-7495
linux,072684e8c58d17e853f8e8b9f6d9ce2e58d2b036,3.0,3.0,1.0,linux,https://github.com/torvalds/linux/commit/072684e8c58d17e853f8e8b9f6d9ce2e58d2b036,CWE-189,CVE-2019-14763
linux,0c17d1d2c61936401f4702e1846e2c19b200f958,27.0,17.0,5.0,linux,https://github.com/torvalds/linux/commit/0c17d1d2c61936401f4702e1846e2c19b200f958,CWE-119,CVE-2017-16996
linux,0d0e57697f162da4aa218b5feafe614fb666db07,16.0,5.0,3.0,linux,https://github.com/torvalds/linux/commit/0d0e57697f162da4aa218b5feafe614fb666db07,CWE-200,CVE-2017-9150
linux,0da9dfdd2cd9889201bc6f6f43580c99165cd087,1.0,1.0,1.0,linux,https://github.com/torvalds/linux/commit/0da9dfdd2cd9889201bc6f6f43580c99165cd087,CWE-362,CVE-2013-1792
linux,0ddcff49b672239dda94d70d0fcf50317a9f4b51,78.0,32.0,18.0,linux,https://github.com/torvalds/linux/commit/0ddcff49b672239dda94d70d0fcf50317a9f4b51,CWE-772,CVE-2018-8087
linux,0ea1ec713f04bdfac343c9702b21cd3a7c711826,236.0,249.0,5.0,linux,https://github.com/torvalds/linux/commit/0ea1ec713f04bdfac343c9702b21cd3a7c711826,CWE-264,CVE-2014-9888
linux,0f2af21aae11972fa924374ddcf52e88347cf5a8,21.0,14.0,2.0,linux,https://github.com/torvalds/linux/commit/0f2af21aae11972fa924374ddcf52e88347cf5a8,CWE-17,CVE-2015-0275
linux,0fa3ecd87848c9c93c2c828ef4c3a8ca36ce46c7,6.0,0.0,1.0,linux,https://github.com/torvalds/linux/commit/0fa3ecd87848c9c93c2c828ef4c3a8ca36ce46c7,CWE-269,CVE-2018-13405
linux,1137b5e2529a8f5ca8ee709288ecba3e68044df2,48.0,44.0,26.0,linux,https://github.com/torvalds/linux/commit/1137b5e2529a8f5ca8ee709288ecba3e68044df2,CWE-416,CVE-2017-16939
linux,11f3710417d026ea2f4fcf362d866342c5274185,40.0,23.0,4.0,linux,https://github.com/torvalds/linux/commit/11f3710417d026ea2f4fcf362d866342c5274185,CWE-20,CVE-2016-6197
linux,124d3b7041f9a0ca7c43a6293e1cae4576c32fd5,6.0,2.0,3.0,linux,https://github.com/torvalds/linux/commit/124d3b7041f9a0ca7c43a6293e1cae4576c32fd5,CWE-20,CVE-2008-7316
linux,129a72a0d3c8e139a04512325384fe5ac119e74d,22.0,20.0,9.0,linux,https://github.com/torvalds/linux/commit/129a72a0d3c8e139a04512325384fe5ac119e74d,CWE-416,CVE-2017-2584
linux,12ae030d54ef250706da5642fc7697cc60ad0df7,1.0,1.0,1.0,linux,https://github.com/torvalds/linux/commit/12ae030d54ef250706da5642fc7697cc60ad0df7,CWE-264,CVE-2013-2930
linux,1572e45a924f254d9570093abde46430c3172e3d,1.0,1.0,1.0,linux,https://github.com/torvalds/linux/commit/1572e45a924f254d9570093abde46430c3172e3d,CWE-190,CVE-2017-18255
linux,15d3042a937c13f5d9244241c7a9c8416ff6e82a,16.0,0.0,2.0,linux,https://github.com/torvalds/linux/commit/15d3042a937c13f5d9244241c7a9c8416ff6e82a,CWE-129,CVE-2017-10663
linux,179d1c5602997fef5a940c6ddcf31212cbfebd14,7.0,8.0,1.0,linux,https://github.com/torvalds/linux/commit/179d1c5602997fef5a940c6ddcf31212cbfebd14,CWE-119,CVE-2017-17855
linux,197c949e7798fbf28cfadc69d9ca0c2abbf93191,4.0,2.0,2.0,linux,https://github.com/torvalds/linux/commit/197c949e7798fbf28cfadc69d9ca0c2abbf93191,CWE-358,CVE-2016-10229
linux,1c0edc3633b56000e18d82fc241e3995ca18a69e,5.0,3.0,1.0,linux,https://github.com/torvalds/linux/commit/1c0edc3633b56000e18d82fc241e3995ca18a69e,CWE-125,CVE-2017-16535
linux,1d1221f375c94ef961ba8574ac4f85c8870ddd51,7.0,8.0,5.0,linux,https://github.com/torvalds/linux/commit/1d1221f375c94ef961ba8574ac4f85c8870ddd51,CWE-264,CVE-2011-2495
linux,1df2ae31c724e57be9d7ac00d78db8a5dabdd050,53.0,33.0,3.0,linux,https://github.com/torvalds/linux/commit/1df2ae31c724e57be9d7ac00d78db8a5dabdd050,CWE-119,CVE-2012-3400
linux,1e3921471354244f70fe268586ff94a97a6dd4df,31.0,3.0,3.0,linux,https://github.com/torvalds/linux/commit/1e3921471354244f70fe268586ff94a97a6dd4df,CWE-119,CVE-2017-15128
linux,1f461dcdd296eecedaffffc6bae2bfa90bd7eb89,3.0,1.0,2.0,linux,https://github.com/torvalds/linux/commit/1f461dcdd296eecedaffffc6bae2bfa90bd7eb89,CWE-416,CVE-2016-4805
linux,1fd819ecb90cc9b822cd84d3056ddba315d3340f,6.0,0.0,4.0,linux,https://github.com/torvalds/linux/commit/1fd819ecb90cc9b822cd84d3056ddba315d3340f,CWE-416,CVE-2014-0131
linux,20e0fa98b751facf9a1101edaefbc19c82616a68,1.0,1.0,1.0,linux,https://github.com/torvalds/linux/commit/20e0fa98b751facf9a1101edaefbc19c82616a68,CWE-189,CVE-2012-2375
linux,2117d5398c81554fbf803f5fd1dc55eb78216c0c,39.0,199.0,11.0,linux,https://github.com/torvalds/linux/commit/2117d5398c81554fbf803f5fd1dc55eb78216c0c,CWE-200,CVE-2016-9756
linux,2172fa709ab32ca60e86179dc67d0857be8e2c98,12.0,4.0,2.0,linux,https://github.com/torvalds/linux/commit/2172fa709ab32ca60e86179dc67d0857be8e2c98,CWE-20,CVE-2014-1874
linux,21c5977a836e399fc710ff2c5367845ed5c2527f,7.0,4.0,5.0,linux,https://github.com/torvalds/linux/commit/21c5977a836e399fc710ff2c5367845ed5c2527f,CWE-264,CVE-2011-2211
linux,232cd35d0804cc241eb887bb8d4d9b3b9881c64a,8.0,7.0,2.0,linux,https://github.com/torvalds/linux/commit/232cd35d0804cc241eb887bb8d4d9b3b9881c64a,CWE-20,CVE-2017-9242
linux,234f3ce485d54017f15cf5e0699cff4100121601,60.0,30.0,14.0,linux,https://github.com/torvalds/linux/commit/234f3ce485d54017f15cf5e0699cff4100121601,CWE-264,CVE-2014-3647
linux,2811ebac2521ceac84f2bdae402455baa6a7fb47,26.0,35.0,4.0,linux,https://github.com/torvalds/linux/commit/2811ebac2521ceac84f2bdae402455baa6a7fb47,CWE-119,CVE-2013-4387
linux,2a3f93459d689d990b3ecfbe782fec89b97d3279,9.0,1.0,1.0,linux,https://github.com/torvalds/linux/commit/2a3f93459d689d990b3ecfbe782fec89b97d3279,CWE-20,CVE-2018-18021
linux,2b04e8f6bbb196cab4b232af0f8d48ff2c7a8058,9.0,5.0,3.0,linux,https://github.com/torvalds/linux/commit/2b04e8f6bbb196cab4b232af0f8d48ff2c7a8058,CWE-772,CVE-2017-12190
linux,2dcab598484185dea7ec22219c76dcdd59e3cb90,7.0,120.0,9.0,linux,https://github.com/torvalds/linux/commit/2dcab598484185dea7ec22219c76dcdd59e3cb90,CWE-362,CVE-2017-5986
linux,2fae9e5a7babada041e2e161699ade2447a01989,17.0,18.0,2.0,linux,https://github.com/torvalds/linux/commit/2fae9e5a7babada041e2e161699ade2447a01989,CWE-476,CVE-2017-15102
linux,30a61ddf8117c26ac5b295e1233eaa9629a94ca3,47.0,20.0,1.0,linux,https://github.com/torvalds/linux/commit/30a61ddf8117c26ac5b295e1233eaa9629a94ca3,CWE-362,CVE-2017-18249
linux,321027c1fe77f892f4ea07846aeae08cefbbb290,54.0,4.0,4.0,linux,https://github.com/torvalds/linux/commit/321027c1fe77f892f4ea07846aeae08cefbbb290,CWE-362,CVE-2017-6001
linux,338f977f4eb441e69bb9a46eaa0ac715c931a67f,22.0,13.0,8.0,linux,https://github.com/torvalds/linux/commit/338f977f4eb441e69bb9a46eaa0ac715c931a67f,CWE-200,CVE-2014-8709
linux,34b2cef20f19c87999fff3da4071e66937db9644,10.0,8.0,4.0,linux,https://github.com/torvalds/linux/commit/34b2cef20f19c87999fff3da4071e66937db9644,CWE-476,CVE-2017-5970
linux,34b88a68f26a75e4fded796f1a49c40f82234b7d,22.0,22.0,1.0,linux,https://github.com/torvalds/linux/commit/34b88a68f26a75e4fded796f1a49c40f82234b7d,CWE-19,CVE-2016-7117
linux,350b8bdd689cd2ab2c67c8a86a0be86cfa0751a7,10.0,9.0,4.0,linux,https://github.com/torvalds/linux/commit/350b8bdd689cd2ab2c67c8a86a0be86cfa0751a7,CWE-189,CVE-2014-3601
linux,37863c43b2c6464f252862bf2e9768264e961678,5.0,0.0,1.0,linux,https://github.com/torvalds/linux/commit/37863c43b2c6464f252862bf2e9768264e961678,CWE-476,CVE-2017-12192
linux,38740a5b87d53ceb89eb2c970150f6e94e00373a,3.0,4.0,1.0,linux,https://github.com/torvalds/linux/commit/38740a5b87d53ceb89eb2c970150f6e94e00373a,CWE-416,CVE-2016-7912
linux,397d425dc26da728396e66d392d5dcb8dac30c37,25.0,2.0,6.0,linux,https://github.com/torvalds/linux/commit/397d425dc26da728396e66d392d5dcb8dac30c37,CWE-254,CVE-2015-2925
linux,3a4b77cd47bb837b8557595ec7425f281f2ca1fe,9.0,0.0,1.0,linux,https://github.com/torvalds/linux/commit/3a4b77cd47bb837b8557595ec7425f281f2ca1fe,CWE-125,CVE-2016-10208
linux,3ce424e45411cf5a13105e0386b6ecf6eeb4f66f,31.0,23.0,6.0,linux,https://github.com/torvalds/linux/commit/3ce424e45411cf5a13105e0386b6ecf6eeb4f66f,CWE-264,CVE-2016-4440
linux,3ce5efad47b62c57a4f5c54248347085a750ce0e,1.0,0.0,1.0,linux,https://github.com/torvalds/linux/commit/3ce5efad47b62c57a4f5c54248347085a750ce0e,CWE-200,CVE-2013-3232
linux,3f7352bf21f8fd7ba3e2fcef9488756f188e12be,31.0,128.0,7.0,linux,https://github.com/torvalds/linux/commit/3f7352bf21f8fd7ba3e2fcef9488756f188e12be,CWE-17,CVE-2015-4700
linux,41bdc78544b8a93a9c6814b8bbbfef966272abbe,23.0,0.0,4.0,linux,https://github.com/torvalds/linux/commit/41bdc78544b8a93a9c6814b8bbbfef966272abbe,CWE-264,CVE-2014-8133
linux,4291086b1f081b869c6d79e5b7441633dc3ace00,5.0,1.0,2.0,linux,https://github.com/torvalds/linux/commit/4291086b1f081b869c6d79e5b7441633dc3ace00,CWE-362,CVE-2014-0196
linux,4374f256ce8182019353c0c639bb8d0695b4c941,233.0,1022.0,71.0,linux,https://github.com/torvalds/linux/commit/4374f256ce8182019353c0c639bb8d0695b4c941,CWE-119,CVE-2017-17853
linux,4442dc8a92b8f9ad8ee9e7f8438f4c04c03a22dc,71.0,48.0,4.0,linux,https://github.com/torvalds/linux/commit/4442dc8a92b8f9ad8ee9e7f8438f4c04c03a22dc,CWE-264,CVE-2014-4027
linux,451a2886b6bf90e2fb378f7c46c655450fb96e81,3.0,0.0,1.0,linux,https://github.com/torvalds/linux/commit/451a2886b6bf90e2fb378f7c46c655450fb96e81,CWE-189,CVE-2015-5707
linux,4683f42fde3977bdb4e8a09622788cc8b5313778,3.0,4.0,2.0,linux,https://github.com/torvalds/linux/commit/4683f42fde3977bdb4e8a09622788cc8b5313778,CWE-200,CVE-2013-3224
linux,468f6eafa6c44cb2c5d8aad35e12f06c240a812a,18.0,12.0,5.0,linux,https://github.com/torvalds/linux/commit/468f6eafa6c44cb2c5d8aad35e12f06c240a812a,CWE-119,CVE-2017-17852
linux,4afa5f9617927453ac04b24b584f6c718dfb4f45,10.0,2.0,2.0,linux,https://github.com/torvalds/linux/commit/4afa5f9617927453ac04b24b584f6c718dfb4f45,CWE-476,CVE-2016-8646
linux,4dca6ea1d9432052afb06baf2e3ae78188a4410b,37.0,9.0,7.0,linux,https://github.com/torvalds/linux/commit/4dca6ea1d9432052afb06baf2e3ae78188a4410b,CWE-862,CVE-2017-17807
linux,50220dead1650609206efe91f0cc116132d59b3f,3.0,0.0,2.0,linux,https://github.com/torvalds/linux/commit/50220dead1650609206efe91f0cc116132d59b3f,CWE-125,CVE-2016-7915
linux,5593523f968bc86d42a035c6df47d5e0979b5ace,26.0,5.0,1.0,linux,https://github.com/torvalds/linux/commit/5593523f968bc86d42a035c6df47d5e0979b5ace,CWE-119,CVE-2017-8068
linux,5c25f65fd1e42685f7ccd80e0621829c105785d9,3.0,3.0,3.0,linux,https://github.com/torvalds/linux/commit/5c25f65fd1e42685f7ccd80e0621829c105785d9,CWE-476,CVE-2018-7191
linux,5d2be1422e02ccd697ccfcd45c85b4a26e6178e2,2.0,1.0,1.0,linux,https://github.com/torvalds/linux/commit/5d2be1422e02ccd697ccfcd45c85b4a26e6178e2,CWE-200,CVE-2016-5243
linux,5d81de8e8667da7135d3a32a964087c0faf5483f,34.0,3.0,2.0,linux,https://github.com/torvalds/linux/commit/5d81de8e8667da7135d3a32a964087c0faf5483f,CWE-119,CVE-2014-0069
linux,5f8e44741f9f216e33736ea4ec65ca9ac03036e6,48.0,238.0,8.0,linux,https://github.com/torvalds/linux/commit/5f8e44741f9f216e33736ea4ec65ca9ac03036e6,CWE-200,CVE-2016-4486
linux,606142af57dad981b78707234cfbd15f9f7b7125,168.0,122.0,7.0,linux,https://github.com/torvalds/linux/commit/606142af57dad981b78707234cfbd15f9f7b7125,CWE-119,CVE-2017-8062
linux,60a2362f769cf549dc466134efe71c8bf9fbaaba,3.0,17.0,4.0,linux,https://github.com/torvalds/linux/commit/60a2362f769cf549dc466134efe71c8bf9fbaaba,CWE-416,CVE-2014-9940
linux,637b58c2887e5e57850865839cc75f59184b23d1,8.0,71.0,4.0,linux,https://github.com/torvalds/linux/commit/637b58c2887e5e57850865839cc75f59184b23d1,CWE-17,CVE-2015-1805
linux,6399f1fae4ec29fab5ec76070435555e256ca3a6,6.0,2.0,3.0,linux,https://github.com/torvalds/linux/commit/6399f1fae4ec29fab5ec76070435555e256ca3a6,CWE-190,CVE-2017-7542
linux,647bf3d8a8e5777319da92af672289b2a6c4dc66,11.0,9.0,5.0,linux,https://github.com/torvalds/linux/commit/647bf3d8a8e5777319da92af672289b2a6c4dc66,CWE-190,CVE-2016-8636
linux,6829e274a623187c24f7cfc0e3d35f25d087fcc5,2.0,4.0,2.0,linux,https://github.com/torvalds/linux/commit/6829e274a623187c24f7cfc0e3d35f25d087fcc5,CWE-200,CVE-2015-8950
linux,6a3eb3360667170988f8a6477f6686242061488a,1.0,1.0,2.0,linux,https://github.com/torvalds/linux/commit/6a3eb3360667170988f8a6477f6686242061488a,CWE-416,CVE-2019-15919
linux,6b7339f4c31ad69c8e9c0b2859276e22cf72176d,13.0,7.0,3.0,linux,https://github.com/torvalds/linux/commit/6b7339f4c31ad69c8e9c0b2859276e22cf72176d,CWE-20,CVE-2015-3288
linux,6d8c50dcb029872b298eea68cc6209c866fd3e14,15.0,3.0,4.0,linux,https://github.com/torvalds/linux/commit/6d8c50dcb029872b298eea68cc6209c866fd3e14,CWE-362,CVE-2018-12232
linux,6f7b0a2a5c0fb03be7c25bd1745baa50582348ef,8.0,5.0,2.0,linux,https://github.com/torvalds/linux/commit/6f7b0a2a5c0fb03be7c25bd1745baa50582348ef,CWE-20,CVE-2012-6647
linux,6fb392b1a63ae36c31f62bc3fc8630b49d602b62,6.0,2.0,3.0,linux,https://github.com/torvalds/linux/commit/6fb392b1a63ae36c31f62bc3fc8630b49d602b62,CWE-119,CVE-2013-6381
linux,6ff7b060535e87c2ae14dd8548512abfdda528fb,13.0,8.0,4.0,linux,https://github.com/torvalds/linux/commit/6ff7b060535e87c2ae14dd8548512abfdda528fb,CWE-416,CVE-2019-12819
linux,70945643722ffeac779d2529a348f99567fa5c33,1.0,1.0,1.0,linux,https://github.com/torvalds/linux/commit/70945643722ffeac779d2529a348f99567fa5c33,CWE-20,CVE-2011-3363
linux,70feee0e1ef331b22cc51f383d532a0d043fbdcc,3.0,2.0,3.0,linux,https://github.com/torvalds/linux/commit/70feee0e1ef331b22cc51f383d532a0d043fbdcc,CWE-20,CVE-2017-18221
linux,75a493e60ac4bbe2e977e7129d6d8cbb0dd236be,14.0,15.0,6.0,linux,https://github.com/torvalds/linux/commit/75a493e60ac4bbe2e977e7129d6d8cbb0dd236be,CWE-399,CVE-2013-4163
linux,75ff39ccc1bd5d3c455b6822ab09e533c551f758,11.0,9.0,4.0,linux,https://github.com/torvalds/linux/commit/75ff39ccc1bd5d3c455b6822ab09e533c551f758,CWE-200,CVE-2016-5696
linux,77f8269606bf95fcb232ee86f6da80886f1dfae8,1.0,1.0,2.0,linux,https://github.com/torvalds/linux/commit/77f8269606bf95fcb232ee86f6da80886f1dfae8,CWE-416,CVE-2019-9003
linux,79dc7e3f1cd323be4c81aa1a94faa1b3ed987fb2,6.0,7.0,4.0,linux,https://github.com/torvalds/linux/commit/79dc7e3f1cd323be4c81aa1a94faa1b3ed987fb2,CWE-20,CVE-2016-9919
linux,7ada876a8703f23befbb20a7465a702ee39b1704,30.0,36.0,19.0,linux,https://github.com/torvalds/linux/commit/7ada876a8703f23befbb20a7465a702ee39b1704,CWE-119,CVE-2014-0205
linux,7d3e91a89b7adbc2831334def9e494dd9892f9af,575.0,182.0,60.0,linux,https://github.com/torvalds/linux/commit/7d3e91a89b7adbc2831334def9e494dd9892f9af,CWE-119,CVE-2013-4591
linux,7d5145d8eb2b9791533ffe4dc003b129b9696c48,13.0,25.0,8.0,linux,https://github.com/torvalds/linux/commit/7d5145d8eb2b9791533ffe4dc003b129b9696c48,CWE-399,CVE-2013-0217
linux,7df3e59c3d1df4f87fe874c7956ef7a3d2f4d5fb,34.0,29.0,2.0,linux,https://github.com/torvalds/linux/commit/7df3e59c3d1df4f87fe874c7956ef7a3d2f4d5fb,CWE-476,CVE-2016-9313
linux,7f821fc9c77a9b01fe7b1d6e72717b33d8d64142,18.0,0.0,1.0,linux,https://github.com/torvalds/linux/commit/7f821fc9c77a9b01fe7b1d6e72717b33d8d64142,CWE-284,CVE-2015-8845
linux,82262a46627bebb0febcc26664746c25cef08563,10.0,17.0,2.0,linux,https://github.com/torvalds/linux/commit/82262a46627bebb0febcc26664746c25cef08563,CWE-189,CVE-2014-4655
linux,82981930125abfd39d7c8378a9cfdf5e1be2002b,15.0,27.0,5.0,linux,https://github.com/torvalds/linux/commit/82981930125abfd39d7c8378a9cfdf5e1be2002b,CWE-119,CVE-2012-6704
linux,84ac7260236a49c79eede91617700174c2c19b0c,74.0,13.0,12.0,linux,https://github.com/torvalds/linux/commit/84ac7260236a49c79eede91617700174c2c19b0c,CWE-416,CVE-2016-8655
linux,867c20265459d30a01b021a9c1e81fb4c5832aa9,2.0,0.0,1.0,linux,https://github.com/torvalds/linux/commit/867c20265459d30a01b021a9c1e81fb4c5832aa9,CWE-264,CVE-2011-0006
linux,8b01fc86b9f425899f8a3a8fc1c47d73c2c20543,48.0,28.0,2.0,linux,https://github.com/torvalds/linux/commit/8b01fc86b9f425899f8a3a8fc1c47d73c2c20543,CWE-362,CVE-2015-3339
linux,8d1e72250c847fa96498ec029891de4dc638a5ba,27.0,23.0,21.0,linux,https://github.com/torvalds/linux/commit/8d1e72250c847fa96498ec029891de4dc638a5ba,CWE-200,CVE-2013-4515
linux,8dfbcc4351a0b6d2f2d77f367552f48ffefafe18,2.0,1.0,1.0,linux,https://github.com/torvalds/linux/commit/8dfbcc4351a0b6d2f2d77f367552f48ffefafe18,CWE-416,CVE-2016-7913
linux,8e9faa15469ed7c7467423db4c62aeed3ff4cae3,1.0,1.0,1.0,linux,https://github.com/torvalds/linux/commit/8e9faa15469ed7c7467423db4c62aeed3ff4cae3,CWE-388,CVE-2017-8072
linux,92f28d973cce45ef5823209aab3138eb45d8b349,3.0,1.0,2.0,linux,https://github.com/torvalds/linux/commit/92f28d973cce45ef5823209aab3138eb45d8b349,CWE-264,CVE-2013-1958
linux,9409e22acdfc9153f88d9b1ed2bd2a5b34d2d3ca,261.0,234.0,15.0,linux,https://github.com/torvalds/linux/commit/9409e22acdfc9153f88d9b1ed2bd2a5b34d2d3ca,CWE-284,CVE-2016-6198
linux,9590232bb4f4cc824f3425a6e1349afbe6d6d2b7,112.0,25.0,18.0,linux,https://github.com/torvalds/linux/commit/9590232bb4f4cc824f3425a6e1349afbe6d6d2b7,CWE-416,CVE-2016-9120
linux,95a762e2c8c942780948091f8f2a4f32fce1ac6f,7.0,1.0,1.0,linux,https://github.com/torvalds/linux/commit/95a762e2c8c942780948091f8f2a4f32fce1ac6f,CWE-119,CVE-2017-16995
linux,95d78c28b5a85bacbc29b8dba7c04babb9b0d467,44.0,2.0,4.0,linux,https://github.com/torvalds/linux/commit/95d78c28b5a85bacbc29b8dba7c04babb9b0d467,CWE-772,CVE-2017-12190
linux,95ee62083cb6453e056562d91f597552021e6ae7,14.0,30.0,4.0,linux,https://github.com/torvalds/linux/commit/95ee62083cb6453e056562d91f597552021e6ae7,CWE-310,CVE-2013-4350
linux,a2ae4cc9a16e211c8a128ba10d22a85431f093ab,1.0,0.0,1.0,linux,https://github.com/torvalds/linux/commit/a2ae4cc9a16e211c8a128ba10d22a85431f093ab,CWE-399,CVE-2010-4250
linux,a2f18db0c68fec96631c10cad9384c196e9008ac,9.0,5.0,2.0,linux,https://github.com/torvalds/linux/commit/a2f18db0c68fec96631c10cad9384c196e9008ac,CWE-19,CVE-2015-1573
linux,a50829479f58416a013a4ccca791336af3c584c7,10.0,7.0,2.0,linux,https://github.com/torvalds/linux/commit/a50829479f58416a013a4ccca791336af3c584c7,CWE-125,CVE-2017-16643
linux,a5ec6ae161d72f01411169a938fa5f8baea16e8f,5.0,0.0,1.0,linux,https://github.com/torvalds/linux/commit/a5ec6ae161d72f01411169a938fa5f8baea16e8f,CWE-119,CVE-2017-17856
linux,a6e544b0a88b53114bfa5a57e21b7be7a8dfc9d0,27.0,28.0,16.0,linux,https://github.com/torvalds/linux/commit/a6e544b0a88b53114bfa5a57e21b7be7a8dfc9d0,CWE-20,CVE-2017-13715
linux,a8b33654b1e3b0c74d4a1fed041c9aae50b3c427,9.0,6.0,4.0,linux,https://github.com/torvalds/linux/commit/a8b33654b1e3b0c74d4a1fed041c9aae50b3c427,CWE-200,CVE-2013-4516
linux,acff81ec2c79492b180fade3c2894425cd35a545,4.0,27.0,2.0,linux,https://github.com/torvalds/linux/commit/acff81ec2c79492b180fade3c2894425cd35a545,CWE-264,CVE-2015-8660
linux,adee11b2085bee90bd8f4f52123ffb07882d6256,9.0,1.0,2.0,linux,https://github.com/torvalds/linux/commit/adee11b2085bee90bd8f4f52123ffb07882d6256,CWE-119,CVE-2012-3400
linux,af368027a49a751d6ff4ee9e3f9961f35bb4fede,19.0,13.0,8.0,linux,https://github.com/torvalds/linux/commit/af368027a49a751d6ff4ee9e3f9961f35bb4fede,CWE-362,CVE-2016-2546
linux,b22f5126a24b3b2f15448c3f2a254fc10cbc2b92,3.0,3.0,3.0,linux,https://github.com/torvalds/linux/commit/b22f5126a24b3b2f15448c3f2a254fc10cbc2b92,CWE-20,CVE-2014-2523
linux,b4a1b4f5047e4f54e194681125c74c0aa64d637d,19.0,55.0,11.0,linux,https://github.com/torvalds/linux/commit/b4a1b4f5047e4f54e194681125c74c0aa64d637d,CWE-362,CVE-2015-7550
linux,b5a663aa426f4884c71cd8580adae73f33570f0d,15.0,5.0,4.0,linux,https://github.com/torvalds/linux/commit/b5a663aa426f4884c71cd8580adae73f33570f0d,CWE-20,CVE-2016-2548
linux,b71812168571fa55e44cdd0254471331b9c4c4c6,12.0,1.0,2.0,linux,https://github.com/torvalds/linux/commit/b71812168571fa55e44cdd0254471331b9c4c4c6,CWE-787,CVE-2018-1068
linux,b799207e1e1816b09e7a5920fbb2d5fcf6edd681,284.0,623.0,76.0,linux,https://github.com/torvalds/linux/commit/b799207e1e1816b09e7a5920fbb2d5fcf6edd681,CWE-125,CVE-2018-18445
linux,b90cd6f2b905905fb42671009dc0e27c310a16ae,4.0,5.0,1.0,linux,https://github.com/torvalds/linux/commit/b90cd6f2b905905fb42671009dc0e27c310a16ae,CWE-416,CVE-2018-20836
linux,b92946e2919134ebe2a4083e4302236295ea2a73,21.0,4.0,3.0,linux,https://github.com/torvalds/linux/commit/b92946e2919134ebe2a4083e4302236295ea2a73,CWE-119,CVE-2012-2119
linux,b98b0bc8c431e3ceb4b26b0dfc8db509518fb290,91.0,127.0,7.0,linux,https://github.com/torvalds/linux/commit/b98b0bc8c431e3ceb4b26b0dfc8db509518fb290,CWE-119,CVE-2016-9793
linux,b9a41d21dceadf8104812626ef85dc56ee8a60ed,8.0,4.0,1.0,linux,https://github.com/torvalds/linux/commit/b9a41d21dceadf8104812626ef85dc56ee8a60ed,CWE-362,CVE-2017-18203
linux,bc3aae2bbac46dd894c89db5d5e98f7f0ef9e205,14.0,14.0,7.0,linux,https://github.com/torvalds/linux/commit/bc3aae2bbac46dd894c89db5d5e98f7f0ef9e205,CWE-476,CVE-2017-13686
linux,bf911e985d6bbaa328c20c3e05f4eb03de11fdd6,6.0,6.0,2.0,linux,https://github.com/torvalds/linux/commit/bf911e985d6bbaa328c20c3e05f4eb03de11fdd6,CWE-125,CVE-2016-9555
linux,c27a3e4d667fdcad3db7b104f75659478e0c68d8,31.0,37.0,10.0,linux,https://github.com/torvalds/linux/commit/c27a3e4d667fdcad3db7b104f75659478e0c68d8,CWE-399,CVE-2014-6418
linux,c300aa64ddf57d9c5d9c898a64b36877345dd4a9,5.0,0.0,1.0,linux,https://github.com/torvalds/linux/commit/c300aa64ddf57d9c5d9c898a64b36877345dd4a9,CWE-119,CVE-2013-1796
linux,c40f7d74c741a907cfaeb73a7697081881c497d0,9.0,34.0,6.0,linux,https://github.com/torvalds/linux/commit/c40f7d74c741a907cfaeb73a7697081881c497d0,CWE-400,CVE-2018-20784
linux,c50ac050811d6485616a193eb0f37bfbd191cc89,22.0,6.0,5.0,linux,https://github.com/torvalds/linux/commit/c50ac050811d6485616a193eb0f37bfbd191cc89,CWE-399,CVE-2012-2390
linux,c58d6c93680f28ac58984af61d0a7ebf4319c241,6.0,4.0,1.0,linux,https://github.com/torvalds/linux/commit/c58d6c93680f28ac58984af61d0a7ebf4319c241,CWE-125,CVE-2016-7917
linux,c9b92530a723ac5ef8e352885a1862b18f31b2f5,3.0,4.0,3.0,linux,https://github.com/torvalds/linux/commit/c9b92530a723ac5ef8e352885a1862b18f31b2f5,CWE-20,CVE-2015-7509
linux,cbdb967af3d54993f5814f1cee0ed311a055377d,6.0,14.0,5.0,linux,https://github.com/torvalds/linux/commit/cbdb967af3d54993f5814f1cee0ed311a055377d,CWE-399,CVE-2015-8104
linux,ccf7abb93af09ad0868ae9033d1ca8108bdaec82,33.0,58.0,23.0,linux,https://github.com/torvalds/linux/commit/ccf7abb93af09ad0868ae9033d1ca8108bdaec82,CWE-835,CVE-2017-6214
linux,ccfe8c3f7e52ae83155cb038753f4c75b774ca8a,59.0,115.0,6.0,linux,https://github.com/torvalds/linux/commit/ccfe8c3f7e52ae83155cb038753f4c75b774ca8a,CWE-119,CVE-2015-3331
linux,ceabee6c59943bdd5e1da1a6a20dc7ee5f8113a2,2.0,1.0,2.0,linux,https://github.com/torvalds/linux/commit/ceabee6c59943bdd5e1da1a6a20dc7ee5f8113a2,CWE-399,CVE-2019-15921
linux,cfa39381173d5f969daf43582c95ad679189cbc9,3.0,2.0,3.0,linux,https://github.com/torvalds/linux/commit/cfa39381173d5f969daf43582c95ad679189cbc9,CWE-362,CVE-2019-6974
linux,d114b9fe78c8d6fc6e70808c2092aa307c36dc8e,9.0,4.0,1.0,linux,https://github.com/torvalds/linux/commit/d114b9fe78c8d6fc6e70808c2092aa307c36dc8e,CWE-119,CVE-2015-4002
linux,d1442d85cc30ea75f7d399474ca738e0bc96f715,90.0,32.0,8.0,linux,https://github.com/torvalds/linux/commit/d1442d85cc30ea75f7d399474ca738e0bc96f715,CWE-264,CVE-2014-3647
linux,d157bd761585605b7882935ffb86286919f62ea1,3.0,0.0,1.0,linux,https://github.com/torvalds/linux/commit/d157bd761585605b7882935ffb86286919f62ea1,CWE-189,CVE-2016-3135
linux,d199fab63c11998a602205f7ee7ff7c05c97164b,44.0,63.0,12.0,linux,https://github.com/torvalds/linux/commit/d199fab63c11998a602205f7ee7ff7c05c97164b,CWE-416,CVE-2017-6346
linux,d26c25a9d19b5976b319af528886f89cf455692d,45.0,0.0,3.0,linux,https://github.com/torvalds/linux/commit/d26c25a9d19b5976b319af528886f89cf455692d,CWE-20,CVE-2018-18021
linux,d4fdf8ba0e5808ba9ad6b44337783bd9935e0982,4.0,1.0,2.0,linux,https://github.com/torvalds/linux/commit/d4fdf8ba0e5808ba9ad6b44337783bd9935e0982,CWE-476,CVE-2017-18241
linux,d52fc5dde171f030170a6cb78034d166b13c9445,7.0,5.0,1.0,linux,https://github.com/torvalds/linux/commit/d52fc5dde171f030170a6cb78034d166b13c9445,CWE-264,CVE-2012-2123
linux,d558023207e008a4476a3b7bb8706b2a2bf5d84f,57.0,142.0,18.0,linux,https://github.com/torvalds/linux/commit/d558023207e008a4476a3b7bb8706b2a2bf5d84f,CWE-399,CVE-2013-7348
linux,d974baa398f34393db76be45f7d4d04fbdbb4a0a,14.0,2.0,4.0,linux,https://github.com/torvalds/linux/commit/d974baa398f34393db76be45f7d4d04fbdbb4a0a,CWE-399,CVE-2014-3690
linux,dad48e73127ba10279ea33e6dbc8d3905c4d31c0,11.0,1.0,2.0,linux,https://github.com/torvalds/linux/commit/dad48e73127ba10279ea33e6dbc8d3905c4d31c0,CWE-119,CVE-2017-18193
linux,dd504589577d8e8e70f51f997ad487a4cb6c026f,43.0,9.0,6.0,linux,https://github.com/torvalds/linux/commit/dd504589577d8e8e70f51f997ad487a4cb6c026f,CWE-476,CVE-2015-8970
linux,dee1f973ca341c266229faa5a1a5bb268bed3531,46.0,11.0,7.0,linux,https://github.com/torvalds/linux/commit/dee1f973ca341c266229faa5a1a5bb268bed3531,CWE-362,CVE-2012-4508
linux,df80cd9b28b9ebaa284a41df611dbf3a2d05ca74,10.0,173.0,9.0,linux,https://github.com/torvalds/linux/commit/df80cd9b28b9ebaa284a41df611dbf3a2d05ca74,CWE-416,CVE-2017-15115
linux,dfcb9f4f99f1e9a49e43398a7bfbf56927544af1,6.0,2.0,2.0,linux,https://github.com/torvalds/linux/commit/dfcb9f4f99f1e9a49e43398a7bfbf56927544af1,CWE-415,CVE-2017-6353
linux,e0c9c0afd2fc958ffa34b697972721d81df8a56f,6.0,2.0,3.0,linux,https://github.com/torvalds/linux/commit/e0c9c0afd2fc958ffa34b697972721d81df8a56f,CWE-200,CVE-2015-4176
linux,e3211c120a85b792978bcb4be7b2886df18d27f0,2.0,2.0,1.0,linux,https://github.com/torvalds/linux/commit/e3211c120a85b792978bcb4be7b2886df18d27f0,CWE-264,CVE-2013-1959
linux,e40607cbe270a9e8360907cb1e62ddf0736e4864,3.0,0.0,1.0,linux,https://github.com/torvalds/linux/commit/e40607cbe270a9e8360907cb1e62ddf0736e4864,CWE-399,CVE-2014-7841
linux,e40f193f5bb022e927a57a4f5d5194e4f12ddb74,11.0,8.0,3.0,linux,https://github.com/torvalds/linux/commit/e40f193f5bb022e927a57a4f5d5194e4f12ddb74,CWE-399,CVE-2013-4592
linux,ea25f914dc164c8d56b36147ecc86bc65f83c469,1.0,0.0,1.0,linux,https://github.com/torvalds/linux/commit/ea25f914dc164c8d56b36147ecc86bc65f83c469,CWE-119,CVE-2017-17857
linux,ec0223ec48a90cb605244b45f7c62de856403729,7.0,0.0,1.0,linux,https://github.com/torvalds/linux/commit/ec0223ec48a90cb605244b45f7c62de856403729,CWE-20,CVE-2014-0101
linux,ecd7918745234e423dd87fcc0c077da557909720,28.0,9.0,3.0,linux,https://github.com/torvalds/linux/commit/ecd7918745234e423dd87fcc0c077da557909720,CWE-200,CVE-2012-6536
linux,ed8cd3b2cd61004cab85380c52b1817aca1ca49b,101.0,83.0,16.0,linux,https://github.com/torvalds/linux/commit/ed8cd3b2cd61004cab85380c52b1817aca1ca49b,CWE-189,CVE-2012-2383
linux,edbd58be15a957f6a760c4a514cd475217eb97fd,11.0,3.0,6.0,linux,https://github.com/torvalds/linux/commit/edbd58be15a957f6a760c4a514cd475217eb97fd,CWE-119,CVE-2017-14497
linux,ee8413b01045c74340aa13ad5bdf905de32be736,1.0,1.0,1.0,linux,https://github.com/torvalds/linux/commit/ee8413b01045c74340aa13ad5bdf905de32be736,CWE-362,CVE-2016-2545
linux,f0ec1aaf54caddd21c259aea8b2ecfbde4ee4fb9,7.0,3.0,1.0,linux,https://github.com/torvalds/linux/commit/f0ec1aaf54caddd21c259aea8b2ecfbde4ee4fb9,CWE-399,CVE-2012-3510
linux,f1e255d60ae66a9f672ff9a207ee6cd8e33d2679,6.0,17.0,2.0,linux,https://github.com/torvalds/linux/commit/f1e255d60ae66a9f672ff9a207ee6cd8e33d2679,CWE-20,CVE-2018-16276
linux,f3747379accba8e95d70cec0eae0582c8c182050,8.0,19.0,3.0,linux,https://github.com/torvalds/linux/commit/f3747379accba8e95d70cec0eae0582c8c182050,CWE-362,CVE-2015-0239
linux,f5364c150aa645b3d7daa21b5c0b9feaa1c9cd6d,470.0,365.0,95.0,linux,https://github.com/torvalds/linux/commit/f5364c150aa645b3d7daa21b5c0b9feaa1c9cd6d,CWE-119,CVE-2016-1583
linux,f5563318ff1bde15b10e736e97ffce13be08bc1a,6.0,1.0,2.0,linux,https://github.com/torvalds/linux/commit/f5563318ff1bde15b10e736e97ffce13be08bc1a,CWE-119,CVE-2013-7027
linux,f63a8daa5812afef4f06c962351687e1ff9ccb2b,211.0,41.0,26.0,linux,https://github.com/torvalds/linux/commit/f63a8daa5812afef4f06c962351687e1ff9ccb2b,CWE-264,CVE-2016-6787
linux,f8e9881c2aef1e982e5abc25c046820cd0b7cf64,2.0,4.0,1.0,linux,https://github.com/torvalds/linux/commit/f8e9881c2aef1e982e5abc25c046820cd0b7cf64,CWE-399,CVE-2011-4087
linux,fc3a9157d3148ab91039c75423da8ef97be3e105,10.0,4.0,1.0,linux,https://github.com/torvalds/linux/commit/fc3a9157d3148ab91039c75423da8ef97be3e105,CWE-362,CVE-2010-5313
linux,fdc81f45e9f57858da6351836507fbcf1b7583ee,6.0,12.0,1.0,linux,https://github.com/torvalds/linux/commit/fdc81f45e9f57858da6351836507fbcf1b7583ee,CWE-189,CVE-2015-5707
lxc,16af238036a5464ae8f2420ed3af214f0de875f9,98.0,43.0,2.0,lxc,https://github.com/lxc/lxc/commit/16af238036a5464ae8f2420ed3af214f0de875f9,CWE-862,CVE-2017-5985
lxc,5c3fcae78b63ac9dd56e36075903921bd9461f9e,93.0,13.0,8.0,lxc,https://github.com/lxc/lxc/commit/5c3fcae78b63ac9dd56e36075903921bd9461f9e,CWE-17,CVE-2015-1334
lxc,81f466d05f2a89cb4f122ef7f593ff3f279b165c,140.0,56.0,20.0,lxc,https://github.com/lxc/lxc/commit/81f466d05f2a89cb4f122ef7f593ff3f279b165c,CWE-264,CVE-2016-8649
mapserver,3a10f6b829297dae63492a8c63385044bc6953ed,54.0,189.0,20.0,mapserver,https://github.com/mapserver/mapserver/commit/3a10f6b829297dae63492a8c63385044bc6953ed,CWE-89,CVE-2013-7262
mbedtls,5224a7544c95552553e2e6be0b4a789956a6464e,1.0,1.0,1.0,mbedtls,https://github.com/ARMmbed/mbedtls/commit/5224a7544c95552553e2e6be0b4a789956a6464e,CWE-125,CVE-2018-9989
mbedtls,740b218386083dc708ce98ccc94a63a95cd5629e,7.0,9.0,2.0,mbedtls,https://github.com/ARMmbed/mbedtls/commit/740b218386083dc708ce98ccc94a63a95cd5629e,CWE-125,CVE-2018-9989
mbedtls,a1098f81c252b317ad34ea978aea2bc47760b215,10.0,3.0,4.0,mbedtls,https://github.com/ARMmbed/mbedtls/commit/a1098f81c252b317ad34ea978aea2bc47760b215,CWE-119,CVE-2018-9988
mbedtls,d15795acd5074e0b44e71f7ede8bdfe1b48591fc,17.0,7.0,3.0,mbedtls,https://github.com/ARMmbed/mbedtls/commit/d15795acd5074e0b44e71f7ede8bdfe1b48591fc,CWE-287,CVE-2017-14032
memcached,a8c4a82787b8b6c256d61bd5c42fb7f92d1bae00,11.0,1.0,2.0,memcached,https://github.com/memcached/memcached/commit/a8c4a82787b8b6c256d61bd5c42fb7f92d1bae00,CWE-190,CVE-2018-1000127
miniupnp,13585f15c7f7dc28bbbba1661efb280d530d114c,7.0,0.0,1.0,miniupnp,https://github.com/miniupnp/miniupnp/commit/13585f15c7f7dc28bbbba1661efb280d530d114c,CWE-476,CVE-2019-12109
miniupnp,7aeb624b44f86d335841242ff427433190e7168a,4.0,5.0,2.0,miniupnp,https://github.com/miniupnp/miniupnp/commit/7aeb624b44f86d335841242ff427433190e7168a,CWE-119,CVE-2017-1000494
mruby,778500563a9f7ceba996937dc886bd8cde29b42b,9.0,9.0,2.0,mruby,https://github.com/mruby/mruby/commit/778500563a9f7ceba996937dc886bd8cde29b42b,CWE-125,CVE-2018-12248
nbd,741495cb08503fd32a9d22648e63b64390c601f4,158.0,13.0,3.0,nbd,https://github.com/yoe/nbd/commit/741495cb08503fd32a9d22648e63b64390c601f4,CWE-399,CVE-2013-7441
neomutt,3c49c44be9b459d9c616bcaef6eb5d51298c1741,7.0,0.0,1.0,neomutt,https://github.com/neomutt/neomutt/commit/3c49c44be9b459d9c616bcaef6eb5d51298c1741,CWE-20,CVE-2018-14351
ngiflib,cf429e0a2fe26b5f01ce0c8e9b79432e94509b6e,7.0,2.0,2.0,ngiflib,https://github.com/miniupnp/ngiflib/commit/cf429e0a2fe26b5f01ce0c8e9b79432e94509b6e,CWE-119,CVE-2018-10717
oniguruma,b690371bbf97794b4a1d3f295d4fb9a8b05d402d,17.0,10.0,1.0,oniguruma,https://github.com/kkos/oniguruma/commit/b690371bbf97794b4a1d3f295d4fb9a8b05d402d,CWE-476,CVE-2017-9229
openjpeg,162f6199c0cd3ec1c6c6dc65e41b2faab92b2d91,8.0,1.0,1.0,openjpeg,https://github.com/uclouvain/openjpeg/commit/162f6199c0cd3ec1c6c6dc65e41b2faab92b2d91,CWE-119,CVE-2016-4796
openjpeg,397f62c0a838e15d667ef50e27d5d011d2c79c04,3.0,2.0,1.0,openjpeg,https://github.com/uclouvain/openjpeg/commit/397f62c0a838e15d667ef50e27d5d011d2c79c04,CWE-119,CVE-2016-10504
openjpeg,c16bc057ba3f125051c9966cf1f5b68a05681de4,7.0,1.0,1.0,openjpeg,https://github.com/uclouvain/openjpeg/commit/c16bc057ba3f125051c9966cf1f5b68a05681de4,CWE-125,CVE-2016-7163
openjpeg,d27ccf01c68a31ad62b33d2dc1ba2bb1eeaafe7b,33.0,0.0,3.0,openjpeg,https://github.com/uclouvain/openjpeg/commit/d27ccf01c68a31ad62b33d2dc1ba2bb1eeaafe7b,CWE-369,CVE-2016-10506
openssl,8108e0a6db133f3375608303fdd2083eb5115062,15.0,14.0,9.0,openssl,https://github.com/ruby/openssl/commit/8108e0a6db133f3375608303fdd2083eb5115062,CWE-310,CVE-2016-7798
optee_os,70697bf3c5dc3d201341b01a1a8e5bc6d2fb48f8,12.0,2.0,2.0,optee_os,https://github.com/OP-TEE/optee_os/commit/70697bf3c5dc3d201341b01a1a8e5bc6d2fb48f8,CWE-119,CVE-2019-1010298
optee_os,a637243270fc1faae16de059091795c32d86e65e,12.0,2.0,2.0,optee_os,https://github.com/OP-TEE/optee_os/commit/a637243270fc1faae16de059091795c32d86e65e,CWE-119,CVE-2019-1010297
optee_os,b60e1cee406a1ff521145ab9534370dfb85dd592,8.0,1.0,2.0,optee_os,https://github.com/OP-TEE/optee_os/commit/b60e1cee406a1ff521145ab9534370dfb85dd592,CWE-119,CVE-2019-1010296
optee_os,d5c5b0b77b2b589666024d219a8007b3f5b6faeb,15.0,3.0,4.0,optee_os,https://github.com/OP-TEE/optee_os/commit/d5c5b0b77b2b589666024d219a8007b3f5b6faeb,CWE-119,CVE-2019-1010295
pgbouncer,edab5be6665b9e8de66c25ba527509b229468573,6.0,0.0,1.0,pgbouncer,https://github.com/pgbouncer/pgbouncer/commit/edab5be6665b9e8de66c25ba527509b229468573,CWE-476,CVE-2015-4054
php-src,16b3003ffc6393e250f069aa28a78dc5a2c064b2,346.0,430.0,39.0,php-src,https://github.com/php/php-src/commit/16b3003ffc6393e250f069aa28a78dc5a2c064b2,CWE-125,CVE-2016-10161
php-src,1a23ebc1fff59bf480ca92963b36eba5c1b904c4,583.0,597.0,21.0,php-src,https://github.com/php/php-src/commit/1a23ebc1fff59bf480ca92963b36eba5c1b904c4,CWE-416,CVE-2017-12932
php-src,1bd103df00f49cf4d4ade2cfe3f456ac058a4eae,5.0,0.0,1.0,php-src,https://github.com/php/php-src/commit/1bd103df00f49cf4d4ade2cfe3f456ac058a4eae?w=1,CWE-787,CVE-2016-7127
php-src,1cda0d7c2ffb62d8331c64e703131d9cabdc03ea,259.0,253.0,107.0,php-src,https://github.com/php/php-src/commit/1cda0d7c2ffb62d8331c64e703131d9cabdc03ea,CWE-189,CVE-2016-10158
php-src,2938329ce19cb8c4197dec146c3ec887c6f61d01,150.0,43.0,13.0,php-src,https://github.com/php/php-src/commit/2938329ce19cb8c4197dec146c3ec887c6f61d01,CWE-189,CVE-2014-2020
php-src,2fefae47716d501aec41c1102f3fd4531f070b05,160.0,123.0,19.0,php-src,https://github.com/php/php-src/commit/2fefae47716d501aec41c1102f3fd4531f070b05,CWE-119,CVE-2014-3597
php-src,426aeb2808955ee3d3f52e0cfb102834cdb836a5,432.0,348.0,40.0,php-src,https://github.com/php/php-src/commit/426aeb2808955ee3d3f52e0cfb102834cdb836a5?w=1,CWE-20,CVE-2016-7129
php-src,4cc0286f2f3780abc6084bcdae5dce595daa3c12,74.0,164.0,56.0,php-src,https://github.com/php/php-src/commit/4cc0286f2f3780abc6084bcdae5dce595daa3c12,CWE-190,CVE-2017-5340
php-src,523f230c831d7b33353203fa34aee4e92ac12bba,331.0,344.0,29.0,php-src,https://github.com/php/php-src/commit/523f230c831d7b33353203fa34aee4e92ac12bba,CWE-119,CVE-2018-7584
php-src,5b597a2e5b28e2d5a52fc1be13f425f08f47cb62,154.0,168.0,45.0,php-src,https://github.com/php/php-src/commit/5b597a2e5b28e2d5a52fc1be13f425f08f47cb62?w=1,CWE-415,CVE-2016-5768
php-src,6045de69c7dedcba3eadf7c4bba424b19c81d00d,463.0,369.0,39.0,php-src,https://github.com/php/php-src/commit/6045de69c7dedcba3eadf7c4bba424b19c81d00d,CWE-476,CVE-2016-9934
php-src,61cdd1255d5b9c8453be71aacbbf682796ac77d4,60.0,73.0,14.0,php-src,https://github.com/php/php-src/commit/61cdd1255d5b9c8453be71aacbbf682796ac77d4,CWE-119,CVE-2016-7480
php-src,698a691724c0a949295991e5df091ce16f899e02,6.0,2.0,1.0,php-src,https://github.com/php/php-src/commit/698a691724c0a949295991e5df091ce16f899e02?w=1,CWE-476,CVE-2016-7130
php-src,6a7cc8ff85827fa9ac715b3a83c2d9147f33cd43,840.0,961.0,18.0,php-src,https://github.com/php/php-src/commit/6a7cc8ff85827fa9ac715b3a83c2d9147f33cd43?w=1,CWE-119,CVE-2016-7411
php-src,6c5211a0cef0cc2854eaa387e0eb036e012904d0,391.0,337.0,44.0,php-src,https://github.com/php/php-src/commit/6c5211a0cef0cc2854eaa387e0eb036e012904d0?w=1,CWE-190,CVE-2016-5769
php-src,7245bff300d3fa8bacbef7897ff080a6f1c23eba,932.0,983.0,112.0,php-src,https://github.com/php/php-src/commit/7245bff300d3fa8bacbef7897ff080a6f1c23eba?w=1,CWE-190,CVE-2016-5770
php-src,72dbb7f416160f490c4e9987040989a10ad431c7,97.0,106.0,21.0,php-src,https://github.com/php/php-src/commit/72dbb7f416160f490c4e9987040989a10ad431c7?w=1,CWE-119,CVE-2016-7134
php-src,7722455726bec8c53458a32851d2a87982cf0eac,7.0,0.0,1.0,php-src,https://github.com/php/php-src/commit/7722455726bec8c53458a32851d2a87982cf0eac?w=1,CWE-190,CVE-2016-5766
php-src,7a1aac3343af85b4af4df5f8844946eaa27394ab,8.0,8.0,6.0,libgd,https://github.com/php/php-src/commit/7a1aac3343af85b4af4df5f8844946eaa27394ab?w=1,CWE-125,CVE-2013-7456
php-src,8763c6090d627d8bb0ee1d030c30e58f406be9ce,1045.0,1180.0,84.0,php-src,https://github.com/php/php-src/commit/8763c6090d627d8bb0ee1d030c30e58f406be9ce?w=1,CWE-74,CVE-2016-7125
php-src,8d2539fa0faf3f63e1d1e7635347c5b9e777d47b,375.0,449.0,40.0,php-src,https://github.com/php/php-src/commit/8d2539fa0faf3f63e1d1e7635347c5b9e777d47b,CWE-476,CVE-2016-10162
php-src,97eff7eb57fc2320c267a949cffd622c38712484,247.0,253.0,53.0,php-src,https://github.com/php/php-src/commit/97eff7eb57fc2320c267a949cffd622c38712484?w=1,CWE-125,CVE-2016-5093
php-src,a44c89e8af7c2410f4bfc5e097be2a5d0639a60c,426.0,334.0,44.0,php-src,https://github.com/php/php-src/commit/a44c89e8af7c2410f4bfc5e097be2a5d0639a60c?w=1,CWE-415,CVE-2016-5772
php-src,abd159cce48f3e34f08e4751c568e09677d5ec9c,528.0,573.0,97.0,php-src,https://github.com/php/php-src/commit/abd159cce48f3e34f08e4751c568e09677d5ec9c?w=1,CWE-190,CVE-2016-5096
php-src,b2af4e8868726a040234de113436c6e4f6372d17,35.0,77.0,10.0,php-src,https://github.com/php/php-src/commit/b2af4e8868726a040234de113436c6e4f6372d17,CWE-416,CVE-2016-9936
php-src,b88393f08a558eec14964a55d3c680fe67407712,436.0,350.0,41.0,php-src,https://github.com/php/php-src/commit/b88393f08a558eec14964a55d3c680fe67407712?w=1,CWE-416,CVE-2016-7413
php-src,bab0b99f376dac9170ac81382a5ed526938d595a,46.0,52.0,5.0,php-src,https://github.com/php/php-src/commit/bab0b99f376dac9170ac81382a5ed526938d595a,CWE-918,CVE-2017-7272
php-src,c395c6e5d7e8df37a21265ff76e48fe75ceb5ae6,28.0,95.0,10.0,php-src,https://github.com/php/php-src/commit/c395c6e5d7e8df37a21265ff76e48fe75ceb5ae6?w=1,CWE-190,CVE-2016-5767
php-src,c4cca4c20e75359c9a13a1f9a36cb7b4e9601d29,10.0,9.0,6.0,php-src,https://github.com/php/php-src/commit/c4cca4c20e75359c9a13a1f9a36cb7b4e9601d29?w=1,CWE-119,CVE-2016-7418
php-src,f6aef68089221c5ea047d4a74224ee3deead99a6,839.0,1119.0,92.0,php-src,https://github.com/php/php-src/commit/f6aef68089221c5ea047d4a74224ee3deead99a6?w=1,CWE-416,CVE-2016-5773
php-src,fb58e69a84f4fde603a630d2c9df2fa3be16d846,3503.0,3602.0,82.0,php-src,https://github.com/php/php-src/commit/fb58e69a84f4fde603a630d2c9df2fa3be16d846,CWE-20,CVE-2013-3735
qemu,30663fd26c0307e414622c7a8607fbc04f92ec14,7.0,0.0,1.0,qemu,https://github.com/qemu/qemu/commit/30663fd26c0307e414622c7a8607fbc04f92ec14,CWE-94,CVE-2017-8284
qemu,7285477ab11831b1cf56e45878a89170dd06d9b9,33.0,11.0,8.0,qemu,https://github.com/bonzini/qemu/commit/7285477ab11831b1cf56e45878a89170dd06d9b9,CWE-119,CVE-2011-3346
radare2,041e53cab7ca33481ae45ecd65ad596976d78e68,3.0,0.0,1.0,radare2,https://github.com/radare/radare2/commit/041e53cab7ca33481ae45ecd65ad596976d78e68,CWE-125,CVE-2018-11375
radare2,21a6f570ba33fa9f52f1bba87f07acc4e8c178f4,5.0,1.0,2.0,radare2,https://github.com/radare/radare2/commit/21a6f570ba33fa9f52f1bba87f07acc4e8c178f4,CWE-119,CVE-2017-15385
radare2,44ded3ff35b8264f54b5a900cab32ec489d9e5b9,6.0,1.0,1.0,radare2,https://github.com/radare/radare2/commit/44ded3ff35b8264f54b5a900cab32ec489d9e5b9,CWE-125,CVE-2017-15932
radare2,60208765887f5f008b3b9a883f3addc8bdb9c134,11.0,5.0,3.0,radare2,https://github.com/radare/radare2/commit/60208765887f5f008b3b9a883f3addc8bdb9c134,CWE-125,CVE-2018-11380
radare2,72794dc3523bbd5bb370de3c5857cb736c387e18,7.0,2.0,3.0,radare2,https://github.com/radare/radare2/commit/72794dc3523bbd5bb370de3c5857cb736c387e18,CWE-119,CVE-2017-6194
radare2,90b71c017a7fa9732fe45fd21b245ee051b1f548,5.0,1.0,1.0,radare2,https://github.com/radare/radare2/commit/90b71c017a7fa9732fe45fd21b245ee051b1f548,CWE-416,CVE-2018-12320
radare2,b35530fa0681b27eba084de5527037ebfb397422,3.0,0.0,1.0,radare2,https://github.com/radare/radare2/commit/b35530fa0681b27eba084de5527037ebfb397422,CWE-125,CVE-2018-11377
radare2,bbb4af56003c1afdad67af0c4339267ca38b1017,9.0,3.0,1.0,radare2,https://github.com/radare/radare2/commit/bbb4af56003c1afdad67af0c4339267ca38b1017,CWE-125,CVE-2018-12322
radare2,c57997e76ec70862174a1b3b3aeb62a6f8570e85,7.0,1.0,1.0,radare2,https://github.com/radare/radare2/commit/c57997e76ec70862174a1b3b3aeb62a6f8570e85,CWE-119,CVE-2017-10929
radare2,d04c78773f6959bcb427453f8e5b9824d5ba9eff,3.0,0.0,1.0,radare2,https://github.com/radare/radare2/commit/d04c78773f6959bcb427453f8e5b9824d5ba9eff,CWE-125,CVE-2018-11382
radare2,d1e8ac62c6d978d4662f69116e30230d43033c92,51.0,41.0,8.0,radare2,https://github.com/radare/radare2/commit/d1e8ac62c6d978d4662f69116e30230d43033c92,CWE-416,CVE-2017-7946
radare2,d21e91f075a7a7a8ed23baa5c1bb1fac48313882,1.0,1.0,1.0,radare2,https://github.com/radare/radare2/commit/d21e91f075a7a7a8ed23baa5c1bb1fac48313882,CWE-476,CVE-2017-16359
radare2,d2632f6483a3ceb5d8e0a5fb11142c51c43978b4,127.0,138.0,7.0,radare2,https://github.com/radare/radare2/commit/d2632f6483a3ceb5d8e0a5fb11142c51c43978b4,CWE-125,CVE-2017-7854
radare2,ead645853a63bf83d8386702cad0cf23b31d7eeb,1.0,1.0,1.0,radare2,https://github.com/radare/radare2/commit/ead645853a63bf83d8386702cad0cf23b31d7eeb,CWE-125,CVE-2017-6387
radare2,f41e941341e44aa86edd4483c4487ec09a074257,66.0,66.0,16.0,radare2,https://github.com/radare/radare2/commit/f41e941341e44aa86edd4483c4487ec09a074257,CWE-119,CVE-2017-6448
radare2,fbaf24bce7ea4211e4608b3ab6c1b45702cb243d,4.0,1.0,3.0,radare2,https://github.com/radare/radare2/commit/fbaf24bce7ea4211e4608b3ab6c1b45702cb243d,CWE-476,CVE-2017-16359
redis,1eb08bcd4634ae42ec45e8284923ac048beaa4c3,23.0,23.0,9.0,redis,https://github.com/antirez/redis/commit/1eb08bcd4634ae42ec45e8284923ac048beaa4c3,CWE-190,CVE-2018-11219
rpm,404ef011c300207cdb1e531670384564aae04bdc,23.0,6.0,5.0,rpm,https://github.com/rpm-software-management/rpm/commit/404ef011c300207cdb1e531670384564aae04bdc,CWE-59,CVE-2017-7501
rpm,f2d3be2a8741234faaa96f5fd05fdfdc75779a79,6.0,3.0,3.0,rpm,https://github.com/rpm-software-management/rpm/commit/f2d3be2a8741234faaa96f5fd05fdfdc75779a79,CWE-59,CVE-2017-7500
sleuthkit,114cd3d0aac8bd1aeaf4b33840feb0163d342d5b,18.0,18.0,6.0,sleuthkit,https://github.com/sleuthkit/sleuthkit/commit/114cd3d0aac8bd1aeaf4b33840feb0163d342d5b,CWE-190,CVE-2019-1010065
slurm,92362a92fffe60187df61f99ab11c249d44120ee,221.0,346.0,54.0,slurm,https://github.com/SchedMD/slurm/commit/92362a92fffe60187df61f99ab11c249d44120ee,CWE-284,CVE-2016-10030
src,9476ce1dd37d3c3218d5640b74c34c65e5f4efe5,35.0,8.0,11.0,src,https://github.com/openbsd/src/commit/9476ce1dd37d3c3218d5640b74c34c65e5f4efe5,CWE-426,CVE-2016-10009
tcpdump,26a6799b9ca80508c05cac7a9a3bef922991520b,4.0,0.0,1.0,tcpdump,https://github.com/the-tcpdump-group/tcpdump/commit/26a6799b9ca80508c05cac7a9a3bef922991520b,CWE-125,CVE-2017-13018
tcpdump,39582c04cc5e34054b2936b423072fb9df2ff6ef,4.0,0.0,2.0,tcpdump,https://github.com/the-tcpdump-group/tcpdump/commit/39582c04cc5e34054b2936b423072fb9df2ff6ef,CWE-125,CVE-2017-13042
tcpdump,3ed82f4ed0095768529afc22b923c8f7171fff70,3.0,3.0,3.0,tcpdump,https://github.com/the-tcpdump-group/tcpdump/commit/3ed82f4ed0095768529afc22b923c8f7171fff70,CWE-20,CVE-2015-3138
tcpdump,5d0d76e88ee2d3236d7e032589d6f1d4ec5f7b1e,2.0,1.0,2.0,tcpdump,https://github.com/the-tcpdump-group/tcpdump/commit/5d0d76e88ee2d3236d7e032589d6f1d4ec5f7b1e,CWE-125,CVE-2017-13055
tcpdump,99798bd9a41bd3d03fdc1e949810a38967f20ed3,1.0,2.0,1.0,tcpdump,https://github.com/the-tcpdump-group/tcpdump/commit/99798bd9a41bd3d03fdc1e949810a38967f20ed3,CWE-125,CVE-2017-12987
tcpdump,9be4e0b5938b705e7e36cfcb110a740c6ff0cb97,177.0,2312.0,1.0,tcpdump,https://github.com/the-tcpdump-group/tcpdump/commit/9be4e0b5938b705e7e36cfcb110a740c6ff0cb97,CWE-125,CVE-2017-13000
tcpdump,b20e1639dbac84b3fcb393858521c13ad47a9d70,37.0,15.0,10.0,tcpdump,https://github.com/the-tcpdump-group/tcpdump/commit/b20e1639dbac84b3fcb393858521c13ad47a9d70,CWE-125,CVE-2017-13026
tcpreplay,d689d14dbcd768c028eab2fb378d849e543dcfe9,10.0,1.0,2.0,tcpreplay,https://github.com/appneta/tcpreplay/commit/d689d14dbcd768c028eab2fb378d849e543dcfe9,CWE-119,CVE-2017-6429
tor,09ea89764a4d3a907808ed7d4fe42abfe64bd486,1127.0,499.0,84.0,tor,https://github.com/torproject/tor/commit/09ea89764a4d3a907808ed7d4fe42abfe64bd486,CWE-532,CVE-2017-0380
tor,3cea86eb2fbb65949673eb4ba8ebb695c87a57ce,511.0,71.0,42.0,tor,https://github.com/torproject/tor/commit/3cea86eb2fbb65949673eb4ba8ebb695c87a57ce,CWE-119,CVE-2016-8860
tor,56a7c5bc15e0447203a491c1ee37de9939ad1dcd,241.0,735.0,52.0,tor,https://github.com/torproject/tor/commit/56a7c5bc15e0447203a491c1ee37de9939ad1dcd,CWE-617,CVE-2017-0376
uriparser,f76275d4a91b28d687250525d3a0c5509bbd666f,12.0,2.0,2.0,uriparser,https://github.com/uriparser/uriparser/commit/f76275d4a91b28d687250525d3a0c5509bbd666f,CWE-190,CVE-2018-19199
wireshark,11edc83b98a61e890d7bb01855389d40e984ea82,8.0,3.0,1.0,wireshark,https://github.com/wireshark/wireshark/commit/11edc83b98a61e890d7bb01855389d40e984ea82,CWE-20,CVE-2016-5357
wireshark,5efb45231671baa2db2011d8f67f9d6e72bc455b,14.0,8.0,4.0,wireshark,https://github.com/wireshark/wireshark/commit/5efb45231671baa2db2011d8f67f9d6e72bc455b,CWE-20,CVE-2016-5355
wireshark,f5ec0afb766f19519ea9623152cca3bbe2229500,29.0,46.0,11.0,wireshark,https://github.com/wireshark/wireshark/commit/f5ec0afb766f19519ea9623152cca3bbe2229500,CWE-119,CVE-2016-5356
wolfssl,9b9568d500f31f964af26ba8d01e542e1f27e5ca,55.0,15.0,4.0,wolfssl,https://github.com/wolfSSL/wolfssl/commit/9b9568d500f31f964af26ba8d01e542e1f27e5ca,CWE-200,CVE-2018-12436
yara,890c3f850293176c0e996a602ffa88b315f4e98f,441.0,432.0,54.0,yara,https://github.com/VirusTotal/yara/commit/890c3f850293176c0e996a602ffa88b315f4e98f,CWE-416,CVE-2016-10211
yara,ab906da53ff2a68c6fd6d1fa73f2b7c7bf0bc636,156.0,150.0,56.0,yara,https://github.com/VirusTotal/yara/commit/ab906da53ff2a68c6fd6d1fa73f2b7c7bf0bc636,CWE-125,CVE-2017-5923
